2016/8/1 0:00,11.15151515,0.221052632,0.328639998
2016/8/1 0:15,11.03030303,0.2,0.411744959
2016/8/1 0:30,10.94949495,0.178947368,0.338088523
2016/8/1 0:45,10.86868687,0.157894737,0.468979864
2016/8/1 1:00,10.74747475,0.136842105,0.285959322
2016/8/1 1:15,10.66666667,0.115789474,0.351041997
2016/8/1 1:30,10.58585859,0.094736842,0.483276584
2016/8/1 1:45,10.50505051,0.052631579,0.410113787
2016/8/1 2:00,10.42424242,0.031578947,0.141930122
2016/8/1 2:15,10.34343434,0.010526316,0.097321703
2016/8/1 2:30,10.26262626,0.010526316,0.100045726
2016/8/1 2:45,10.14141414,0.031578947,0.195143099
2016/8/1 3:00,10.06060606,0.052631579,0.058789919
2016/8/1 3:15,9.97979798,0.052631579,0.176899353
2016/8/1 3:30,9.8989899,0.073684211,0.08311268
2016/8/1 3:45,9.85858586,0.094736842,0.103787691
2016/8/1 4:00,9.77777778,0.094736842,0.099767212
2016/8/1 4:15,9.73737374,0.094736842,0.097787258
2016/8/1 4:30,9.65656566,0.094736842,0.269863656
2016/8/1 4:45,9.61616162,0.115789474,0.199106651
2016/8/1 5:00,9.57575758,0.115789474,0.185339603
2016/8/1 5:15,9.53535354,0.115789474,0.107010766
2016/8/1 5:30,9.53535354,0.094736842,0.25490807
2016/8/1 5:45,9.53535354,0.094736842,0.100050305
2016/8/1 6:00,9.49494949,0.094736842,0.064391134
2016/8/1 6:15,9.53535354,0.073684211,0.132158358
2016/8/1 6:30,9.57575758,0.052631579,0.249829685
2016/8/1 6:45,9.65656566,0.052631579,0.062533585
2016/8/1 7:00,9.6969697,0.031578947,0.075224304
2016/8/1 7:15,9.73737374,0.010526316,0.044715445
2016/8/1 7:30,9.85858586,0.010526316,0.089616728
2016/8/1 7:45,9.97979798,0.052631579,0.432490495
2016/8/1 8:00,10.06060606,0.073684211,0.036481063
2016/8/1 8:15,10.18181818,0.094736842,0.603548422
2016/8/1 8:30,10.34343434,0.136842105,0.568189388
2016/8/1 8:45,10.50505051,0.157894737,0.340073628
2016/8/1 9:00,10.66666667,0.178947368,0.536979254
2016/8/1 9:15,10.86868687,0.2,0.452405656
2016/8/1 9:30,11.07070707,0.221052632,0.563322978
2016/8/1 9:45,11.23232323,0.242105263,0.707620594
2016/8/1 10:00,11.43434343,0.263157895,0.707521481
2016/8/1 10:15,11.63636364,0.284210526,0.379109911
2016/8/1 10:30,11.7979798,0.305263158,0.586076561
2016/8/1 10:45,11.95959596,0.347368421,0.446812645
2016/8/1 11:00,12.16161616,0.368421053,0.542395156
2016/8/1 11:15,12.32323232,0.389473684,0.261290079
2016/8/1 11:30,12.48484848,0.410526316,0.006993588
2016/8/1 11:45,12.60606061,0.431578947,0.090104511
2016/8/1 12:00,12.76767677,0.452631579,0.120853343
2016/8/1 12:15,12.92929293,0.473684211,0.18981291
2016/8/1 12:30,13.05050505,0.494736842,0.301293578
2016/8/1 12:45,13.17171717,0.515789474,0.352247825
2016/8/1 13:00,13.29292929,0.536842105,0.414284905
2016/8/1 13:15,13.37373737,0.557894737,1.092265986
2016/8/1 13:30,13.45454545,0.578947368,0.140519145
2016/8/1 13:45,13.57575758,0.578947368,0.843728518
2016/8/1 14:00,13.65656566,0.578947368,2.367010376
2016/8/1 14:15,13.73737374,0.6,0.637098499
2016/8/1 14:30,13.81818182,0.6,0.52822412
2016/8/1 14:45,13.85858586,0.621052632,0.309832836
2016/8/1 15:00,13.93939394,0.621052632,0.587390949
2016/8/1 15:15,14.02020202,0.621052632,0.987360688
2016/8/1 15:30,14.06060606,0.621052632,2.128816314
2016/8/1 15:45,14.1010101,0.621052632,0.996293502
2016/8/1 16:00,14.18181818,0.621052632,0.525831824
2016/8/1 16:15,14.18181818,0.621052632,0.434566694
2016/8/1 16:30,14.18181818,0.621052632,0.589309995
2016/8/1 16:45,14.18181818,0.621052632,0.426864023
2016/8/1 17:00,14.18181818,0.621052632,0.782631176
2016/8/1 17:15,14.18181818,0.621052632,1.140070161
2016/8/1 17:30,14.14141414,0.621052632,2.189367224
2016/8/1 17:45,14.1010101,0.6,2.782599064
2016/8/1 18:00,14.06060606,0.6,2.85901104
2016/8/1 18:15,13.97979798,0.6,4.478968438
2016/8/1 18:30,13.8989899,0.578947368,4.370209786
2016/8/1 18:45,13.81818182,0.578947368,3.22566519
2016/8/1 19:00,13.73737374,0.578947368,1.869257683
2016/8/1 19:15,13.65656566,0.557894737,0.587917629
2016/8/1 19:30,13.53535354,0.536842105,0.686894277
2016/8/1 19:45,13.41414141,0.536842105,1.188597824
2016/8/1 20:00,13.29292929,0.515789474,1.840283805
2016/8/1 20:15,13.17171717,0.494736842,2.161531427
2016/8/1 20:30,13.01010101,0.473684211,1.706026351
2016/8/1 20:45,12.84848485,0.452631579,0.908848974
2016/8/1 21:00,12.72727273,0.431578947,0.672815731
2016/8/1 21:15,12.56565657,0.410526316,0.295877354
2016/8/1 21:30,12.44444444,0.389473684,0.041582626
2016/8/1 21:45,12.28282828,0.347368421,0.292462869
2016/8/1 22:00,12.12121212,0.326315789,0.267518211
2016/8/1 22:15,11.95959596,0.305263158,0.350856714
2016/8/1 22:30,11.83838384,0.284210526,0.853829178
2016/8/1 22:45,11.71717172,0.263157895,1.446512767
2016/8/1 23:00,11.55555556,0.221052632,0.930648875
2016/8/1 23:15,11.43434343,0.2,0.123807684
2016/8/1 23:30,11.31313131,0.178947368,0.065587685
2016/8/1 23:45,11.19191919,0.157894737,0.049954397
2016/8/2 0:00,11.03030303,0.094736842,0.361606599
2016/8/2 0:15,10.90909091,0.073684211,0.322382617
2016/8/2 0:30,10.78787879,0.052631579,0.300349259
2016/8/2 0:45,10.70707071,0.031578947,0.207160436
2016/8/2 1:00,10.62626263,0.010526316,0.320105686
2016/8/2 1:15,10.50505051,0.010526316,0.199702577
2016/8/2 1:30,10.38383838,0.031578947,0.312582121
2016/8/2 1:45,10.3030303,0.052631579,0.291766511
2016/8/2 2:00,10.22222222,0.073684211,0.250256653
2016/8/2 2:15,10.1010101,0.094736842,0.144153565
2016/8/2 2:30,10.02020202,0.115789474,0.197276494
2016/8/2 2:45,9.8989899,0.136842105,0.0976084
2016/8/2 3:00,9.81818182,0.157894737,0.127553675
2016/8/2 3:15,9.73737374,0.178947368,0.33014338
2016/8/2 3:30,9.65656566,0.2,0.059332521
2016/8/2 3:45,9.57575758,0.221052632,0.172877847
2016/8/2 4:00,9.49494949,0.242105263,0.010104974
2016/8/2 4:15,9.45454545,0.242105263,0.247451297
2016/8/2 4:30,9.41414141,0.263157895,0.189712705
2016/8/2 4:45,9.37373737,0.263157895,0.122341069
2016/8/2 5:00,9.37373737,0.263157895,0.131376193
2016/8/2 5:15,9.37373737,0.263157895,0.18603961
2016/8/2 5:30,9.37373737,0.263157895,0.184317221
2016/8/2 5:45,9.37373737,0.242105263,0.069869942
2016/8/2 6:00,9.41414141,0.221052632,0.068148279
2016/8/2 6:15,9.45454545,0.221052632,0.153783889
2016/8/2 6:30,9.53535354,0.2,0.013873459
2016/8/2 6:45,9.57575758,0.178947368,0.027389579
2016/8/2 7:00,9.65656566,0.157894737,0.214425427
2016/8/2 7:15,9.77777778,0.136842105,0.221829312
2016/8/2 7:30,9.8989899,0.115789474,0.029658689
2016/8/2 7:45,10.02020202,0.073684211,0.28616228
2016/8/2 8:00,10.14141414,0.052631579,0.115791227
2016/8/2 8:15,10.26262626,0.031578947,0.567918085
2016/8/2 8:30,10.42424242,0.010526316,0.541126478
2016/8/2 8:45,10.58585859,0.010526316,0.550210186
2016/8/2 9:00,10.70707071,0.031578947,0.438453649
2016/8/2 9:15,10.90909091,0.052631579,0.627232553
2016/8/2 9:30,11.07070707,0.073684211,0.706161455
2016/8/2 9:45,11.23232323,0.094736842,0.495945181
2016/8/2 10:00,11.43434343,0.115789474,0.69101516
2016/8/2 10:15,11.63636364,0.136842105,0.644902906
2016/8/2 10:30,11.7979798,0.178947368,0.488993495
2016/8/2 10:45,12,0.2,0.47516881
2016/8/2 11:00,12.2020202,0.221052632,0.592413626
2016/8/2 11:15,12.36363636,0.263157895,0.407900448
2016/8/2 11:30,12.56565657,0.284210526,0.053657142
2016/8/2 11:45,12.76767677,0.305263158,0.005907381
2016/8/2 12:00,12.92929293,0.347368421,0.200446508
2016/8/2 12:15,13.09090909,0.368421053,0.107626039
2016/8/2 12:30,13.25252525,0.389473684,0.157397893
2016/8/2 12:45,13.41414141,0.431578947,0.443365078
2016/8/2 13:00,13.57575758,0.452631579,0.326792775
2016/8/2 13:15,13.73737374,0.473684211,1.044964286
2016/8/2 13:30,13.85858586,0.494736842,0.132991347
2016/8/2 13:45,13.97979798,0.515789474,0.659811032
2016/8/2 14:00,14.1010101,0.536842105,2.41627507
2016/8/2 14:15,14.18181818,0.557894737,0.731234037
2016/8/2 14:30,14.26262626,0.578947368,0.611850372
2016/8/2 14:45,14.3030303,0.578947368,0.280890295
2016/8/2 15:00,14.34343434,0.578947368,0.515842632
2016/8/2 15:15,14.38383838,0.6,0.888305328
2016/8/2 15:30,14.38383838,0.578947368,2.043237417
2016/8/2 15:45,14.38383838,0.578947368,1.145896888
2016/8/2 16:00,14.38383838,0.578947368,0.528372999
2016/8/2 16:15,14.38383838,0.578947368,0.565787703
2016/8/2 16:30,14.34343434,0.557894737,0.495934643
2016/8/2 16:45,14.26262626,0.536842105,0.395099422
2016/8/2 17:00,14.22222222,0.536842105,0.924388613
2016/8/2 17:15,14.14141414,0.515789474,0.922595903
2016/8/2 17:30,14.06060606,0.494736842,1.887423288
2016/8/2 17:45,13.97979798,0.494736842,2.634081216
2016/8/2 18:00,13.8989899,0.473684211,2.910609319
2016/8/2 18:15,13.81818182,0.452631579,4.615190704
2016/8/2 18:30,13.6969697,0.431578947,4.143288786
2016/8/2 18:45,13.61616162,0.389473684,3.5094783
2016/8/2 19:00,13.49494949,0.368421053,2.057274199
2016/8/2 19:15,13.37373737,0.347368421,0.35974891
2016/8/2 19:30,13.25252525,0.326315789,0.856881111
2016/8/2 19:45,13.09090909,0.305263158,1.424448016
2016/8/2 20:00,12.96969697,0.263157895,1.53207042
2016/8/2 20:15,12.84848485,0.242105263,2.069229916
2016/8/2 20:30,12.68686869,0.221052632,1.613989935
2016/8/2 20:45,12.52525253,0.178947368,0.797258878
2016/8/2 21:00,12.4040404,0.136842105,0.536209135
2016/8/2 21:15,12.28282828,0.115789474,0.249233431
2016/8/2 21:30,12.12121212,0.094736842,0.213012627
2016/8/2 21:45,11.95959596,0.052631579,0.133516037
2016/8/2 22:00,11.83838384,0.010526316,0.190936804
2016/8/2 22:15,11.71717172,0.010526316,0.358796974
2016/8/2 22:30,11.5959596,0.031578947,0.862623934
2016/8/2 22:45,11.47474747,0.073684211,1.579345742
2016/8/2 23:00,11.35353535,0.115789474,0.704728152
2016/8/2 23:15,11.23232323,0.136842105,0.350295712
2016/8/2 23:30,11.15151515,0.157894737,0.232581489
2016/8/2 23:45,11.07070707,0.178947368,0.307249076
2016/8/3 0:00,10.94949495,0.242105263,0.35827467
2016/8/3 0:15,10.90909091,0.263157895,0.346318764
2016/8/3 0:30,10.86868687,0.263157895,0.388425948
2016/8/3 0:45,10.78787879,0.284210526,0.131824667
2016/8/3 1:00,10.74747475,0.305263158,0.219642634
2016/8/3 1:15,10.70707071,0.305263158,0.127709666
2016/8/3 1:30,10.62626263,0.326315789,0.30977265
2016/8/3 1:45,10.58585859,0.347368421,0.26070015
2016/8/3 2:00,10.54545455,0.347368421,0.316870138
2016/8/3 2:15,10.50505051,0.347368421,0.134596435
2016/8/3 2:30,10.46464646,0.368421053,0.230276147
2016/8/3 2:45,10.38383838,0.389473684,0.017069025
2016/8/3 3:00,10.34343434,0.389473684,0.069637846
2016/8/3 3:15,10.3030303,0.389473684,0.028790929
2016/8/3 3:30,10.26262626,0.410526316,0.200047958
2016/8/3 3:45,10.22222222,0.431578947,0.008449466
2016/8/3 4:00,10.18181818,0.431578947,0.049632334
2016/8/3 4:15,10.14141414,0.431578947,0.008952697
2016/8/3 4:30,10.1010101,0.431578947,0.204205748
2016/8/3 4:45,10.1010101,0.431578947,0.196092593
2016/8/3 5:00,10.1010101,0.431578947,0.089190594
2016/8/3 5:15,10.06060606,0.431578947,0.110197949
2016/8/3 5:30,10.06060606,0.431578947,0.02512026
2016/8/3 5:45,10.06060606,0.431578947,0.270268711
2016/8/3 6:00,10.06060606,0.410526316,0.212882243
2016/8/3 6:15,10.1010101,0.410526316,0.028181937
2016/8/3 6:30,10.1010101,0.389473684,0.224495299
2016/8/3 6:45,10.14141414,0.389473684,0.031747899
2016/8/3 7:00,10.18181818,0.368421053,0.163768622
2016/8/3 7:15,10.22222222,0.347368421,0.213945129
2016/8/3 7:30,10.3030303,0.326315789,0.184705083
2016/8/3 7:45,10.38383838,0.305263158,0.432151621
2016/8/3 8:00,10.42424242,0.284210526,0.277124742
2016/8/3 8:15,10.54545455,0.263157895,0.597269233
2016/8/3 8:30,10.66666667,0.242105263,0.588317103
2016/8/3 8:45,10.78787879,0.2,0.621913296
2016/8/3 9:00,10.90909091,0.178947368,0.423482198
2016/8/3 9:15,11.03030303,0.157894737,0.484534066
2016/8/3 9:30,11.19191919,0.115789474,0.448832118
2016/8/3 9:45,11.31313131,0.073684211,0.644925021
2016/8/3 10:00,11.47474747,0.052631579,0.398770819
2016/8/3 10:15,11.63636364,0.031578947,0.673871009
2016/8/3 10:30,11.7979798,0.010526316,0.752250514
2016/8/3 10:45,11.95959596,0.031578947,0.368275236
2016/8/3 11:00,12.12121212,0.052631579,0.532127838
2016/8/3 11:15,12.28282828,0.073684211,0.196303865
2016/8/3 11:30,12.44444444,0.094736842,0.017367688
2016/8/3 11:45,12.60606061,0.115789474,0.179829306
2016/8/3 12:00,12.76767677,0.136842105,0.104809752
2016/8/3 12:15,12.92929293,0.157894737,0.017368254
2016/8/3 12:30,13.05050505,0.178947368,0.144415816
2016/8/3 12:45,13.17171717,0.2,0.245052443
2016/8/3 13:00,13.29292929,0.2,0.646120661
2016/8/3 13:15,13.37373737,0.221052632,1.063101334
2016/8/3 13:30,13.45454545,0.221052632,0.306641474
2016/8/3 13:45,13.49494949,0.221052632,0.550864467
2016/8/3 14:00,13.53535354,0.221052632,2.702140864
2016/8/3 14:15,13.57575758,0.2,0.901669951
2016/8/3 14:30,13.53535354,0.2,0.638123855
2016/8/3 14:45,13.49494949,0.2,0.599867072
2016/8/3 15:00,13.45454545,0.178947368,0.678766754
2016/8/3 15:15,13.37373737,0.157894737,1.194196568
2016/8/3 15:30,13.29292929,0.157894737,2.076783468
2016/8/3 15:45,13.21212121,0.136842105,0.957918617
2016/8/3 16:00,13.09090909,0.115789474,0.650873181
2016/8/3 16:15,13.01010101,0.094736842,0.735216962
2016/8/3 16:30,12.88888889,0.073684211,0.488509733
2016/8/3 16:45,12.76767677,0.052631579,0.495752347
2016/8/3 17:00,12.64646465,0.031578947,0.822716497
2016/8/3 17:15,12.52525253,0.010526316,1.16884164
2016/8/3 17:30,12.4040404,0.010526316,2.168945073
2016/8/3 17:45,12.32323232,0.031578947,2.518605095
2016/8/3 18:00,12.24242424,0.052631579,2.877567758
2016/8/3 18:15,12.12121212,0.073684211,4.422788749
2016/8/3 18:30,12.04040404,0.094736842,4.138005548
2016/8/3 18:45,11.91919192,0.094736842,3.3630601
2016/8/3 19:00,11.83838384,0.115789474,2.049568683
2016/8/3 19:15,11.75757576,0.136842105,0.468410663
2016/8/3 19:30,11.67676768,0.157894737,0.632354606
2016/8/3 19:45,11.5959596,0.178947368,1.254181499
2016/8/3 20:00,11.51515152,0.2,1.685571766
2016/8/3 20:15,11.43434343,0.221052632,2.138620054
2016/8/3 20:30,11.35353535,0.242105263,1.734871152
2016/8/3 20:45,11.31313131,0.263157895,0.885015823
2016/8/3 21:00,11.23232323,0.284210526,0.526848391
2016/8/3 21:15,11.19191919,0.305263158,0.258741981
2016/8/3 21:30,11.11111111,0.326315789,0.37878099
2016/8/3 21:45,11.03030303,0.347368421,0.358273797
2016/8/3 22:00,10.98989899,0.368421053,0.487557496
2016/8/3 22:15,10.90909091,0.389473684,0.356359907
2016/8/3 22:30,10.86868687,0.410526316,1.105528584
2016/8/3 22:45,10.78787879,0.431578947,1.518178615
2016/8/3 23:00,10.70707071,0.452631579,1.041549198
2016/8/3 23:15,10.62626263,0.473684211,0.317238805
2016/8/3 23:30,10.54545455,0.494736842,0.202841148
2016/8/3 23:45,10.50505051,0.515789474,0.139218859
2016/8/4 0:00,10.14141414,0.557894737,0.335418028
2016/8/4 0:15,10.1010101,0.557894737,0.276534543
2016/8/4 0:30,10.06060606,0.578947368,0.296993231
2016/8/4 0:45,10.02020202,0.6,0.368590703
2016/8/4 1:00,10.02020202,0.6,0.417817263
2016/8/4 1:15,9.97979798,0.6,0.146408753
2016/8/4 1:30,9.93939394,0.621052632,0.532951488
2016/8/4 1:45,9.93939394,0.642105263,0.152332686
2016/8/4 2:00,9.93939394,0.642105263,0.16839208
2016/8/4 2:15,9.8989899,0.642105263,0.409004946
2016/8/4 2:30,9.81818182,0.663157895,0.079618613
2016/8/4 2:45,9.77777778,0.684210526,0.195991718
2016/8/4 3:00,9.73737374,0.684210526,0.216252724
2016/8/4 3:15,9.6969697,0.684210526,0.323151164
2016/8/4 3:30,9.65656566,0.684210526,0.050229705
2016/8/4 3:45,9.61616162,0.705263158,0.035794359
2016/8/4 4:00,9.57575758,0.705263158,0.248016516
2016/8/4 4:15,9.53535354,0.705263158,0.023167372
2016/8/4 4:30,9.49494949,0.705263158,0.159102682
2016/8/4 4:45,9.45454545,0.705263158,0.088109797
2016/8/4 5:00,9.45454545,0.705263158,0.104303039
2016/8/4 5:15,9.45454545,0.705263158,0.110462398
2016/8/4 5:30,9.45454545,0.684210526,0.286223259
2016/8/4 5:45,9.45454545,0.684210526,0.060321728
2016/8/4 6:00,9.49494949,0.684210526,0.069031755
2016/8/4 6:15,9.53535354,0.663157895,0.067944383
2016/8/4 6:30,9.57575758,0.642105263,0.07294983
2016/8/4 6:45,9.65656566,0.642105263,0.044826344
2016/8/4 7:00,9.6969697,0.621052632,0.239216725
2016/8/4 7:15,9.73737374,0.6,0.273017954
2016/8/4 7:30,9.81818182,0.578947368,0.113472124
2016/8/4 7:45,9.8989899,0.557894737,0.230498896
2016/8/4 8:00,9.93939394,0.536842105,0.080927834
2016/8/4 8:15,10.02020202,0.515789474,0.605306468
2016/8/4 8:30,10.1010101,0.494736842,0.423064305
2016/8/4 8:45,10.18181818,0.473684211,0.657163137
2016/8/4 9:00,10.26262626,0.452631579,0.464417669
2016/8/4 9:15,10.34343434,0.431578947,0.475686832
2016/8/4 9:30,10.42424242,0.410526316,0.4721148
2016/8/4 9:45,10.50505051,0.389473684,0.409407353
2016/8/4 10:00,10.58585859,0.368421053,0.65361218
2016/8/4 10:15,10.70707071,0.347368421,0.412999259
2016/8/4 10:30,10.78787879,0.326315789,0.494471978
2016/8/4 10:45,10.90909091,0.305263158,0.614737614
2016/8/4 11:00,11.03030303,0.305263158,0.314363059
2016/8/4 11:15,11.15151515,0.284210526,0.253712107
2016/8/4 11:30,11.27272727,0.263157895,0.091041102
2016/8/4 11:45,11.39393939,0.263157895,0.183896437
2016/8/4 12:00,11.55555556,0.242105263,0.000885205
2016/8/4 12:15,11.67676768,0.221052632,0.234797252
2016/8/4 12:30,11.75757576,0.221052632,0.225725944
2016/8/4 12:45,11.83838384,0.2,0.158725189
2016/8/4 13:00,11.95959596,0.178947368,0.330472575
2016/8/4 13:15,12.04040404,0.178947368,0.952721976
2016/8/4 13:30,12.08080808,0.178947368,0.297856275
2016/8/4 13:45,12.12121212,0.178947368,0.649274094
2016/8/4 14:00,12.16161616,0.178947368,2.702800398
2016/8/4 14:15,12.16161616,0.178947368,0.910856953
2016/8/4 14:30,12.08080808,0.2,0.675685132
2016/8/4 14:45,12,0.221052632,0.405176198
2016/8/4 15:00,11.95959596,0.221052632,0.470058713
2016/8/4 15:15,11.87878788,0.242105263,0.960792903
2016/8/4 15:30,11.75757576,0.263157895,2.116274833
2016/8/4 15:45,11.67676768,0.263157895,0.982518127
2016/8/4 16:00,11.55555556,0.284210526,0.549419775
2016/8/4 16:15,11.43434343,0.305263158,0.487811684
2016/8/4 16:30,11.35353535,0.305263158,0.454703575
2016/8/4 16:45,11.27272727,0.305263158,0.287997964
2016/8/4 17:00,11.19191919,0.326315789,0.964507024
2016/8/4 17:15,11.15151515,0.326315789,0.836826329
2016/8/4 17:30,11.15151515,0.326315789,1.877286326
2016/8/4 17:45,11.15151515,0.326315789,2.561471797
2016/8/4 18:00,11.15151515,0.326315789,2.746125398
2016/8/4 18:15,11.19191919,0.326315789,4.379755463
2016/8/4 18:30,11.23232323,0.326315789,4.368110715
2016/8/4 18:45,11.27272727,0.326315789,3.506745637
2016/8/4 19:00,11.31313131,0.326315789,1.957115898
2016/8/4 19:15,11.31313131,0.347368421,0.270222076
2016/8/4 19:30,11.31313131,0.347368421,0.852678205
2016/8/4 19:45,11.35353535,0.347368421,1.322110978
2016/8/4 20:00,11.35353535,0.368421053,1.687332889
2016/8/4 20:15,11.31313131,0.389473684,2.26065604
2016/8/4 20:30,11.23232323,0.410526316,1.530335405
2016/8/4 20:45,11.15151515,0.452631579,0.933475981
2016/8/4 21:00,11.07070707,0.473684211,0.787117207
2016/8/4 21:15,10.98989899,0.494736842,0.205873323
2016/8/4 21:30,10.82828283,0.536842105,0.246244749
2016/8/4 21:45,10.70707071,0.557894737,0.333618022
2016/8/4 22:00,10.58585859,0.578947368,0.447854466
2016/8/4 22:15,10.46464646,0.621052632,0.478071325
2016/8/4 22:30,10.34343434,0.642105263,1.100858138
2016/8/4 22:45,10.18181818,0.663157895,1.372755459
2016/8/4 23:00,10.06060606,0.705263158,0.739285399
2016/8/4 23:15,9.93939394,0.726315789,0.230506993
2016/8/4 23:30,9.85858586,0.726315789,0.156278967
2016/8/4 23:45,9.77777778,0.747368421,0.228515667
2016/8/5 0:00,9.6969697,0.747368421,0.494859654
2016/8/5 0:15,9.65656566,0.747368421,0.364319251
2016/8/5 0:30,9.57575758,0.768421053,0.452501385
2016/8/5 0:45,9.53535354,0.768421053,0.344964769
2016/8/5 1:00,9.49494949,0.768421053,0.351244818
2016/8/5 1:15,9.45454545,0.768421053,0.240391243
2016/8/5 1:30,9.41414141,0.768421053,0.189020203
2016/8/5 1:45,9.37373737,0.768421053,0.474085423
2016/8/5 2:00,9.33333333,0.768421053,0.340116172
2016/8/5 2:15,9.29292929,0.768421053,0.420918388
2016/8/5 2:30,9.25252525,0.768421053,0.014506246
2016/8/5 2:45,9.17171717,0.768421053,0.134428738
2016/8/5 3:00,9.13131313,0.768421053,0.166957042
2016/8/5 3:15,9.09090909,0.768421053,0.249477553
2016/8/5 3:30,9.05050505,0.768421053,0.144854603
2016/8/5 3:45,9.05050505,0.768421053,0.021585157
2016/8/5 4:00,9.01010101,0.747368421,0.202383078
2016/8/5 4:15,8.96969697,0.747368421,0.105568178
2016/8/5 4:30,8.96969697,0.747368421,0.096349237
2016/8/5 4:45,8.96969697,0.726315789,0.010682923
2016/8/5 5:00,8.92929293,0.726315789,0.006337071
2016/8/5 5:15,8.96969697,0.726315789,0.027134441
2016/8/5 5:30,8.96969697,0.705263158,0.126871129
2016/8/5 5:45,9.01010101,0.684210526,0.024500278
2016/8/5 6:00,9.05050505,0.684210526,0.116200632
2016/8/5 6:15,9.09090909,0.663157895,0.086566992
2016/8/5 6:30,9.17171717,0.642105263,0.027842143
2016/8/5 6:45,9.25252525,0.642105263,0.132373633
2016/8/5 7:00,9.29292929,0.621052632,0.024194092
2016/8/5 7:15,9.41414141,0.6,0.267082029
2016/8/5 7:30,9.49494949,0.578947368,0.30903151
2016/8/5 7:45,9.61616162,0.536842105,0.122939196
2016/8/5 8:00,9.73737374,0.515789474,0.393352187
2016/8/5 8:15,9.85858586,0.494736842,0.384434029
2016/8/5 8:30,10.02020202,0.452631579,0.619996268
2016/8/5 8:45,10.14141414,0.431578947,0.35530896
2016/8/5 9:00,10.26262626,0.410526316,0.540709552
2016/8/5 9:15,10.42424242,0.389473684,0.533889235
2016/8/5 9:30,10.58585859,0.368421053,0.604141196
2016/8/5 9:45,10.74747475,0.326315789,0.719989525
2016/8/5 10:00,10.90909091,0.305263158,0.640393851
2016/8/5 10:15,11.07070707,0.284210526,0.685191597
2016/8/5 10:30,11.23232323,0.242105263,0.469569923
2016/8/5 10:45,11.35353535,0.2,0.368256052
2016/8/5 11:00,11.47474747,0.178947368,0.385174374
2016/8/5 11:15,11.63636364,0.157894737,0.370791421
2016/8/5 11:30,11.75757576,0.115789474,0.015533687
2016/8/5 11:45,11.83838384,0.094736842,0.096649599
2016/8/5 12:00,11.95959596,0.073684211,0.107175026
2016/8/5 12:15,12.04040404,0.031578947,0.042853759
2016/8/5 12:30,12.16161616,0.010526316,0.293523207
2016/8/5 12:45,12.24242424,0.010526316,0.289393472
2016/8/5 13:00,12.32323232,0.052631579,0.500742998
2016/8/5 13:15,12.4040404,0.073684211,1.306873126
2016/8/5 13:30,12.48484848,0.094736842,0.194448866
2016/8/5 13:45,12.56565657,0.115789474,0.786172446
2016/8/5 14:00,12.64646465,0.136842105,2.525062145
2016/8/5 14:15,12.72727273,0.157894737,0.716429294
2016/8/5 14:30,12.80808081,0.178947368,0.545820893
2016/8/5 14:45,12.88888889,0.2,0.273409559
2016/8/5 15:00,12.96969697,0.2,0.478704194
2016/8/5 15:15,13.05050505,0.221052632,0.878160932
2016/8/5 15:30,13.13131313,0.242105263,2.079781386
2016/8/5 15:45,13.21212121,0.242105263,0.882797608
2016/8/5 16:00,13.25252525,0.242105263,0.415895528
2016/8/5 16:15,13.29292929,0.263157895,0.529133637
2016/8/5 16:30,13.33333333,0.263157895,0.302071413
2016/8/5 16:45,13.33333333,0.263157895,0.361298249
2016/8/5 17:00,13.33333333,0.263157895,0.962168296
2016/8/5 17:15,13.29292929,0.242105263,1.025360372
2016/8/5 17:30,13.25252525,0.242105263,2.22003817
2016/8/5 17:45,13.21212121,0.242105263,2.755944118
2016/8/5 18:00,13.13131313,0.221052632,2.722983455
2016/8/5 18:15,13.05050505,0.2,4.551019472
2016/8/5 18:30,12.92929293,0.2,4.293332925
2016/8/5 18:45,12.80808081,0.178947368,3.228773168
2016/8/5 19:00,12.72727273,0.157894737,1.711647639
2016/8/5 19:15,12.60606061,0.136842105,0.52473377
2016/8/5 19:30,12.44444444,0.115789474,0.771358039
2016/8/5 19:45,12.28282828,0.094736842,1.105859313
2016/8/5 20:00,12.16161616,0.073684211,1.83624622
2016/8/5 20:15,12,0.052631579,2.041473035
2016/8/5 20:30,11.87878788,0.031578947,1.745506907
2016/8/5 20:45,11.71717172,0.031578947,0.77254767
2016/8/5 21:00,11.55555556,0.010526316,0.503165678
2016/8/5 21:15,11.39393939,0.010526316,0.548385981
2016/8/5 21:30,11.27272727,0.010526316,0.375670548
2016/8/5 21:45,11.15151515,0.010526316,0.092608279
2016/8/5 22:00,10.98989899,0.031578947,0.133936288
2016/8/5 22:15,10.86868687,0.052631579,0.679530483
2016/8/5 22:30,10.78787879,0.052631579,1.053218993
2016/8/5 22:45,10.66666667,0.052631579,1.406382613
2016/8/5 23:00,10.54545455,0.073684211,0.967112464
2016/8/5 23:15,10.50505051,0.073684211,0.386954474
2016/8/5 23:30,10.46464646,0.094736842,0.279173482
2016/8/5 23:45,10.42424242,0.094736842,0.302236972
2016/8/6 0:00,10.34343434,0.115789474,0.338946803
2016/8/6 0:15,10.3030303,0.115789474,0.363139821
2016/8/6 0:30,10.3030303,0.136842105,0.263379465
2016/8/6 0:45,10.26262626,0.136842105,0.09872416
2016/8/6 1:00,10.26262626,0.136842105,0.459623595
2016/8/6 1:15,10.26262626,0.136842105,0.135951283
2016/8/6 1:30,10.22222222,0.136842105,0.424363094
2016/8/6 1:45,10.18181818,0.157894737,0.143337692
2016/8/6 2:00,10.18181818,0.157894737,0.086630143
2016/8/6 2:15,10.1010101,0.178947368,0.201091883
2016/8/6 2:30,9.97979798,0.178947368,0.221892963
2016/8/6 2:45,9.8989899,0.2,0.088411576
2016/8/6 3:00,9.81818182,0.221052632,0.138829211
2016/8/6 3:15,9.6969697,0.242105263,0.201840469
2016/8/6 3:30,9.53535354,0.263157895,0.08040808
2016/8/6 3:45,9.41414141,0.284210526,0.134315492
2016/8/6 4:00,9.29292929,0.305263158,0.04400049
2016/8/6 4:15,9.17171717,0.305263158,0.259157184
2016/8/6 4:30,9.09090909,0.326315789,0.053187237
2016/8/6 4:45,9.01010101,0.347368421,0.165170726
2016/8/6 5:00,8.92929293,0.347368421,0.255794392
2016/8/6 5:15,8.88888889,0.347368421,0.054481342
2016/8/6 5:30,8.88888889,0.347368421,0.129963865
2016/8/6 5:45,8.92929293,0.347368421,0.261001109
2016/8/6 6:00,8.92929293,0.326315789,0.009481645
2016/8/6 6:15,8.96969697,0.326315789,0.004526799
2016/8/6 6:30,9.09090909,0.305263158,0.067091496
2016/8/6 6:45,9.17171717,0.305263158,0.125054916
2016/8/6 7:00,9.25252525,0.284210526,0.196286477
2016/8/6 7:15,9.37373737,0.263157895,0.184903458
2016/8/6 7:30,9.53535354,0.242105263,0.112198546
2016/8/6 7:45,9.65656566,0.221052632,0.247643224
2016/8/6 8:00,9.77777778,0.2,0.110737734
2016/8/6 8:15,9.93939394,0.178947368,0.24985205
2016/8/6 8:30,10.14141414,0.157894737,0.411562738
2016/8/6 8:45,10.34343434,0.115789474,0.465449205
2016/8/6 9:00,10.50505051,0.094736842,0.39721597
2016/8/6 9:15,10.66666667,0.073684211,0.68152809
2016/8/6 9:30,10.86868687,0.031578947,0.574345502
2016/8/6 9:45,11.07070707,0.010526316,0.452604672
2016/8/6 10:00,11.23232323,0.010526316,0.362832943
2016/8/6 10:15,11.39393939,0.031578947,0.419009329
2016/8/6 10:30,11.55555556,0.052631579,0.477405582
2016/8/6 10:45,11.71717172,0.094736842,0.743476529
2016/8/6 11:00,11.87878788,0.115789474,0.528859626
2016/8/6 11:15,12.04040404,0.136842105,0.494387844
2016/8/6 11:30,12.16161616,0.157894737,0.277406828
2016/8/6 11:45,12.28282828,0.178947368,0.077233965
2016/8/6 12:00,12.44444444,0.2,0.211362086
2016/8/6 12:15,12.52525253,0.221052632,0.013003496
2016/8/6 12:30,12.64646465,0.242105263,0.169639046
2016/8/6 12:45,12.72727273,0.263157895,0.286749967
2016/8/6 13:00,12.80808081,0.284210526,0.582089555
2016/8/6 13:15,12.88888889,0.305263158,1.306278066
2016/8/6 13:30,12.96969697,0.326315789,0.367093179
2016/8/6 13:45,13.05050505,0.326315789,0.55022458
2016/8/6 14:00,13.09090909,0.347368421,2.353380934
2016/8/6 14:15,13.17171717,0.368421053,0.552212688
2016/8/6 14:30,13.21212121,0.368421053,0.618400739
2016/8/6 14:45,13.29292929,0.389473684,0.416492225
2016/8/6 15:00,13.33333333,0.410526316,0.462050599
2016/8/6 15:15,13.37373737,0.410526316,1.003541124
2016/8/6 15:30,13.41414141,0.410526316,2.001942603
2016/8/6 15:45,13.41414141,0.410526316,0.872263738
2016/8/6 16:00,13.45454545,0.410526316,0.53020099
2016/8/6 16:15,13.45454545,0.410526316,0.646634316
2016/8/6 16:30,13.45454545,0.410526316,0.68660498
2016/8/6 16:45,13.41414141,0.410526316,0.441202179
2016/8/6 17:00,13.41414141,0.410526316,0.809920192
2016/8/6 17:15,13.41414141,0.410526316,0.826899015
2016/8/6 17:30,13.37373737,0.410526316,1.995026699
2016/8/6 17:45,13.29292929,0.389473684,2.658548638
2016/8/6 18:00,13.25252525,0.389473684,2.926233647
2016/8/6 18:15,13.17171717,0.368421053,4.377189071
2016/8/6 18:30,13.09090909,0.368421053,4.095053733
2016/8/6 18:45,12.96969697,0.347368421,3.248819237
2016/8/6 19:00,12.88888889,0.326315789,1.994009728
2016/8/6 19:15,12.80808081,0.305263158,0.370674934
2016/8/6 19:30,12.68686869,0.284210526,0.644915203
2016/8/6 19:45,12.56565657,0.284210526,1.112426092
2016/8/6 20:00,12.44444444,0.263157895,1.804055227
2016/8/6 20:15,12.32323232,0.242105263,1.958069544
2016/8/6 20:30,12.2020202,0.221052632,1.613658674
2016/8/6 20:45,12.04040404,0.2,0.791062294
2016/8/6 21:00,11.91919192,0.178947368,0.712360858
2016/8/6 21:15,11.7979798,0.157894737,0.576698612
2016/8/6 21:30,11.63636364,0.136842105,0.27675845
2016/8/6 21:45,11.51515152,0.115789474,0.064790289
2016/8/6 22:00,11.39393939,0.094736842,0.426489745
2016/8/6 22:15,11.27272727,0.073684211,0.587596804
2016/8/6 22:30,11.15151515,0.052631579,0.844528449
2016/8/6 22:45,11.03030303,0.031578947,1.413169058
2016/8/6 23:00,10.90909091,0.010526316,1.04677703
2016/8/6 23:15,10.78787879,0.010526316,0.437974636
2016/8/6 23:30,10.70707071,0.010526316,0.162005833
2016/8/6 23:45,10.58585859,0.031578947,0.120360477
2016/8/7 0:00,10.38383838,0.115789474,0.414101416
2016/8/7 0:15,10.26262626,0.136842105,0.608309927
2016/8/7 0:30,10.18181818,0.136842105,0.283165889
2016/8/7 0:45,10.06060606,0.136842105,0.234707944
2016/8/7 1:00,9.97979798,0.157894737,0.252294668
2016/8/7 1:15,9.8989899,0.157894737,0.109468914
2016/8/7 1:30,9.81818182,0.178947368,0.467189008
2016/8/7 1:45,9.77777778,0.178947368,0.109250888
2016/8/7 2:00,9.6969697,0.178947368,0.094692401
2016/8/7 2:15,9.65656566,0.178947368,0.156713684
2016/8/7 2:30,9.61616162,0.178947368,0.187280144
2016/8/7 2:45,9.57575758,0.178947368,0.117404624
2016/8/7 3:00,9.53535354,0.178947368,0.065067957
2016/8/7 3:15,9.49494949,0.178947368,0.327460646
2016/8/7 3:30,9.45454545,0.178947368,0.192419469
2016/8/7 3:45,9.45454545,0.178947368,0.094963909
2016/8/7 4:00,9.45454545,0.178947368,0.081936073
2016/8/7 4:15,9.41414141,0.178947368,0.041519199
2016/8/7 4:30,9.37373737,0.178947368,0.212123041
2016/8/7 4:45,9.37373737,0.178947368,0.031821188
2016/8/7 5:00,9.37373737,0.178947368,0.016331043
2016/8/7 5:15,9.33333333,0.178947368,0.122063814
2016/8/7 5:30,9.33333333,0.178947368,0.166971642
2016/8/7 5:45,9.29292929,0.178947368,0.273265759
2016/8/7 6:00,9.29292929,0.178947368,0.084382948
2016/8/7 6:15,9.29292929,0.178947368,0.246186997
2016/8/7 6:30,9.29292929,0.178947368,0.148083092
2016/8/7 6:45,9.33333333,0.157894737,0.125002972
2016/8/7 7:00,9.33333333,0.136842105,0.058592207
2016/8/7 7:15,9.37373737,0.136842105,0.070778612
2016/8/7 7:30,9.45454545,0.136842105,0.054617098
2016/8/7 7:45,9.49494949,0.115789474,0.121978218
2016/8/7 8:00,9.57575758,0.094736842,0.168380536
2016/8/7 8:15,9.6969697,0.094736842,0.592524016
2016/8/7 8:30,9.85858586,0.073684211,0.679692177
2016/8/7 8:45,9.97979798,0.052631579,0.514442564
2016/8/7 9:00,10.1010101,0.031578947,0.623190091
2016/8/7 9:15,10.26262626,0.010526316,0.336668755
2016/8/7 9:30,10.46464646,0.031578947,0.586541796
2016/8/7 9:45,10.66666667,0.052631579,0.581020914
2016/8/7 10:00,10.82828283,0.094736842,0.569400188
2016/8/7 10:15,11.03030303,0.115789474,0.53556038
2016/8/7 10:30,11.23232323,0.136842105,0.462431127
2016/8/7 10:45,11.39393939,0.178947368,0.697600791
2016/8/7 11:00,11.5959596,0.2,0.60400954
2016/8/7 11:15,11.75757576,0.221052632,0.355763909
2016/8/7 11:30,11.91919192,0.263157895,0.209148276
2016/8/7 11:45,12.08080808,0.284210526,0.200202087
2016/8/7 12:00,12.24242424,0.305263158,0.071703729
2016/8/7 12:15,12.4040404,0.326315789,0.083578163
2016/8/7 12:30,12.52525253,0.347368421,0.011773606
2016/8/7 12:45,12.68686869,0.368421053,0.180704391
2016/8/7 13:00,12.84848485,0.389473684,0.48942702
2016/8/7 13:15,12.96969697,0.410526316,1.168447156
2016/8/7 13:30,13.05050505,0.431578947,0.369844262
2016/8/7 13:45,13.13131313,0.452631579,0.572323381
2016/8/7 14:00,13.25252525,0.452631579,2.661190895
2016/8/7 14:15,13.33333333,0.473684211,0.672328932
2016/8/7 14:30,13.41414141,0.494736842,0.52156186
2016/8/7 14:45,13.49494949,0.494736842,0.437478892
2016/8/7 15:00,13.57575758,0.494736842,0.458288161
2016/8/7 15:15,13.65656566,0.515789474,0.97663565
2016/8/7 15:30,13.6969697,0.515789474,2.018444862
2016/8/7 15:45,13.73737374,0.515789474,0.917296105
2016/8/7 16:00,13.77777778,0.515789474,0.623286047
2016/8/7 16:15,13.77777778,0.515789474,0.678359991
2016/8/7 16:30,13.77777778,0.494736842,0.378304811
2016/8/7 16:45,13.77777778,0.494736842,0.294906445
2016/8/7 17:00,13.77777778,0.494736842,0.893334687
2016/8/7 17:15,13.77777778,0.473684211,0.860384217
2016/8/7 17:30,13.73737374,0.452631579,1.963988549
2016/8/7 17:45,13.6969697,0.431578947,2.571962943
2016/8/7 18:00,13.65656566,0.410526316,2.664021543
2016/8/7 18:15,13.57575758,0.389473684,4.669424396
2016/8/7 18:30,13.49494949,0.368421053,4.266510841
2016/8/7 18:45,13.41414141,0.347368421,3.530645581
2016/8/7 19:00,13.33333333,0.326315789,1.7627685
2016/8/7 19:15,13.25252525,0.305263158,0.520208179
2016/8/7 19:30,13.13131313,0.284210526,0.792557021
2016/8/7 19:45,13.05050505,0.263157895,1.097307794
2016/8/7 20:00,12.92929293,0.242105263,1.687014853
2016/8/7 20:15,12.80808081,0.242105263,2.109354562
2016/8/7 20:30,12.68686869,0.221052632,1.583373285
2016/8/7 20:45,12.52525253,0.2,1.000499914
2016/8/7 21:00,12.4040404,0.2,0.63549865
2016/8/7 21:15,12.24242424,0.2,0.44295538
2016/8/7 21:30,12.12121212,0.178947368,0.281307316
2016/8/7 21:45,11.95959596,0.157894737,0.300824442
2016/8/7 22:00,11.7979798,0.157894737,0.325788636
2016/8/7 22:15,11.67676768,0.157894737,0.618351528
2016/8/7 22:30,11.55555556,0.136842105,0.852510363
2016/8/7 22:45,11.39393939,0.115789474,1.640769133
2016/8/7 23:00,11.27272727,0.115789474,0.723941804
2016/8/7 23:15,11.15151515,0.094736842,0.354355848
2016/8/7 23:30,11.03030303,0.073684211,0.352093916
2016/8/7 23:45,10.94949495,0.073684211,0.100092205
2016/8/8 0:00,10.86868687,0.052631579,0.41628654
2016/8/8 0:15,10.74747475,0.031578947,0.401354195
2016/8/8 0:30,10.66666667,0.010526316,0.201856365
2016/8/8 0:45,10.54545455,0.031578947,0.335450506
2016/8/8 1:00,10.46464646,0.052631579,0.082573943
2016/8/8 1:15,10.38383838,0.073684211,0.26907877
2016/8/8 1:30,10.3030303,0.094736842,0.271812584
2016/8/8 1:45,10.22222222,0.115789474,0.103063442
2016/8/8 2:00,10.1010101,0.136842105,0.361809297
2016/8/8 2:15,10.02020202,0.157894737,0.056526653
2016/8/8 2:30,9.93939394,0.178947368,0.251520039
2016/8/8 2:45,9.81818182,0.178947368,0.07360066
2016/8/8 3:00,9.73737374,0.2,0.23895479
2016/8/8 3:15,9.65656566,0.221052632,0.113829037
2016/8/8 3:30,9.57575758,0.221052632,0.234588594
2016/8/8 3:45,9.49494949,0.221052632,0.013611292
2016/8/8 4:00,9.37373737,0.242105263,0.169900339
2016/8/8 4:15,9.33333333,0.242105263,0.068635745
2016/8/8 4:30,9.29292929,0.242105263,0.097423327
2016/8/8 4:45,9.25252525,0.242105263,0.224585084
2016/8/8 5:00,9.21212121,0.242105263,0.21104486
2016/8/8 5:15,9.17171717,0.242105263,0.145785365
2016/8/8 5:30,9.21212121,0.221052632,0.030796401
2016/8/8 5:45,9.21212121,0.221052632,0.18007998
2016/8/8 6:00,9.21212121,0.221052632,0.021589612
2016/8/8 6:15,9.25252525,0.2,0.079601161
2016/8/8 6:30,9.33333333,0.178947368,0.102368542
2016/8/8 6:45,9.41414141,0.178947368,0.038226951
2016/8/8 7:00,9.45454545,0.157894737,0.158579123
2016/8/8 7:15,9.57575758,0.136842105,0.054006415
2016/8/8 7:30,9.6969697,0.115789474,0.138851322
2016/8/8 7:45,9.81818182,0.073684211,0.40296538
2016/8/8 8:00,9.93939394,0.052631579,0.348195294
2016/8/8 8:15,10.06060606,0.031578947,0.247404341
2016/8/8 8:30,10.22222222,0.010526316,0.660731422
2016/8/8 8:45,10.38383838,0.052631579,0.612517481
2016/8/8 9:00,10.54545455,0.073684211,0.476027071
2016/8/8 9:15,10.74747475,0.094736842,0.632495036
2016/8/8 9:30,10.90909091,0.136842105,0.407793932
2016/8/8 9:45,11.11111111,0.178947368,0.694562389
2016/8/8 10:00,11.31313131,0.2,0.385602305
2016/8/8 10:15,11.51515152,0.221052632,0.752918334
2016/8/8 10:30,11.71717172,0.263157895,0.744833069
2016/8/8 10:45,11.87878788,0.284210526,0.59916745
2016/8/8 11:00,12.08080808,0.305263158,0.460146521
2016/8/8 11:15,12.24242424,0.326315789,0.442846267
2016/8/8 11:30,12.44444444,0.347368421,0.090767922
2016/8/8 11:45,12.60606061,0.389473684,0.034178716
2016/8/8 12:00,12.76767677,0.410526316,0.081448973
2016/8/8 12:15,12.92929293,0.431578947,0.063521781
2016/8/8 12:30,13.09090909,0.452631579,0.154061699
2016/8/8 12:45,13.25252525,0.452631579,0.224111347
2016/8/8 13:00,13.41414141,0.473684211,0.345741237
2016/8/8 13:15,13.57575758,0.494736842,1.210582886
2016/8/8 13:30,13.6969697,0.515789474,0.318269631
2016/8/8 13:45,13.81818182,0.536842105,0.54455362
2016/8/8 14:00,13.93939394,0.536842105,2.597788149
2016/8/8 14:15,14.02020202,0.557894737,0.735933043
2016/8/8 14:30,14.1010101,0.578947368,0.650455543
2016/8/8 14:45,14.22222222,0.578947368,0.490851975
2016/8/8 15:00,14.3030303,0.578947368,0.634125803
2016/8/8 15:15,14.38383838,0.6,1.234475238
2016/8/8 15:30,14.42424242,0.6,2.049834798
2016/8/8 15:45,14.50505051,0.621052632,0.929671529
2016/8/8 16:00,14.58585859,0.621052632,0.369439275
2016/8/8 16:15,14.58585859,0.621052632,0.724753995
2016/8/8 16:30,14.62626263,0.621052632,0.497788018
2016/8/8 16:45,14.62626263,0.621052632,0.179647585
2016/8/8 17:00,14.62626263,0.621052632,1.081777353
2016/8/8 17:15,14.62626263,0.621052632,1.198727175
2016/8/8 17:30,14.58585859,0.621052632,1.842027948
2016/8/8 17:45,14.54545455,0.6,2.503074854
2016/8/8 18:00,14.54545455,0.6,2.836919913
2016/8/8 18:15,14.46464646,0.578947368,4.618000856
2016/8/8 18:30,14.38383838,0.578947368,4.224173685
2016/8/8 18:45,14.3030303,0.557894737,3.437662129
2016/8/8 19:00,14.22222222,0.536842105,1.969564478
2016/8/8 19:15,14.14141414,0.515789474,0.445892848
2016/8/8 19:30,14.02020202,0.494736842,0.61258139
2016/8/8 19:45,13.8989899,0.494736842,1.202691997
2016/8/8 20:00,13.77777778,0.473684211,1.687705337
2016/8/8 20:15,13.61616162,0.452631579,2.036020394
2016/8/8 20:30,13.49494949,0.452631579,1.500174333
2016/8/8 20:45,13.33333333,0.431578947,1.067272093
2016/8/8 21:00,13.17171717,0.410526316,0.78837553
2016/8/8 21:15,13.01010101,0.389473684,0.242804443
2016/8/8 21:30,12.84848485,0.368421053,0.138936621
2016/8/8 21:45,12.68686869,0.368421053,0.400837754
2016/8/8 22:00,12.48484848,0.347368421,0.425116599
2016/8/8 22:15,12.32323232,0.326315789,0.301891088
2016/8/8 22:30,12.16161616,0.305263158,1.078870717
2016/8/8 22:45,11.95959596,0.284210526,1.646002116
2016/8/8 23:00,11.7979798,0.263157895,0.933107749
2016/8/8 23:15,11.63636364,0.242105263,0.450364063
2016/8/8 23:30,11.47474747,0.221052632,0.408333949
2016/8/8 23:45,11.35353535,0.2,0.06237708
2016/8/9 0:00,11.31313131,0.136842105,0.37490881
2016/8/9 0:15,11.19191919,0.115789474,0.331166135
2016/8/9 0:30,11.07070707,0.115789474,0.179050622
2016/8/9 0:45,10.94949495,0.094736842,0.146161221
2016/8/9 1:00,10.86868687,0.073684211,0.459604039
2016/8/9 1:15,10.74747475,0.052631579,0.186262036
2016/8/9 1:30,10.62626263,0.031578947,0.254618573
2016/8/9 1:45,10.54545455,0.010526316,0.147104203
2016/8/9 2:00,10.46464646,0.010526316,0.30324156
2016/8/9 2:15,10.34343434,0.031578947,0.364871989
2016/8/9 2:30,10.22222222,0.052631579,0.294244654
2016/8/9 2:45,10.14141414,0.073684211,0.055237715
2016/8/9 3:00,10.02020202,0.094736842,0.161973704
2016/8/9 3:15,9.8989899,0.094736842,0.059202421
2016/8/9 3:30,9.81818182,0.115789474,0.219394609
2016/8/9 3:45,9.73737374,0.136842105,0.046797032
2016/8/9 4:00,9.61616162,0.136842105,0.247714626
2016/8/9 4:15,9.57575758,0.136842105,0.177861589
2016/8/9 4:30,9.49494949,0.136842105,0.08381861
2016/8/9 4:45,9.45454545,0.136842105,0.077811982
2016/8/9 5:00,9.41414141,0.136842105,0.067556255
2016/8/9 5:15,9.37373737,0.136842105,0.23083456
2016/8/9 5:30,9.41414141,0.115789474,0.30264033
2016/8/9 5:45,9.45454545,0.094736842,0.188737744
2016/8/9 6:00,9.45454545,0.094736842,0.230088488
2016/8/9 6:15,9.49494949,0.073684211,0.089923252
2016/8/9 6:30,9.57575758,0.052631579,0.265536439
2016/8/9 6:45,9.65656566,0.031578947,0.000644948
2016/8/9 7:00,9.73737374,0.010526316,0.01572137
2016/8/9 7:15,9.85858586,0.010526316,0.011122937
2016/8/9 7:30,10.02020202,0.052631579,0.307376969
2016/8/9 7:45,10.14141414,0.094736842,0.463537792
2016/8/9 8:00,10.26262626,0.115789474,0.288442998
2016/8/9 8:15,10.46464646,0.136842105,0.607877297
2016/8/9 8:30,10.66666667,0.178947368,0.601227669
2016/8/9 8:45,10.82828283,0.2,0.591079161
2016/8/9 9:00,11.03030303,0.221052632,0.675594201
2016/8/9 9:15,11.23232323,0.242105263,0.660991376
2016/8/9 9:30,11.43434343,0.263157895,0.63518003
2016/8/9 9:45,11.67676768,0.305263158,0.615958338
2016/8/9 10:00,11.91919192,0.326315789,0.624904223
2016/8/9 10:15,12.12121212,0.347368421,0.675613114
2016/8/9 10:30,12.32323232,0.368421053,0.641547608
2016/8/9 10:45,12.52525253,0.389473684,0.567453532
2016/8/9 11:00,12.72727273,0.410526316,0.434419722
2016/8/9 11:15,12.88888889,0.431578947,0.147436156
2016/8/9 11:30,13.09090909,0.452631579,0.007216202
2016/8/9 11:45,13.25252525,0.452631579,0.166798807
2016/8/9 12:00,13.41414141,0.473684211,0.261027691
2016/8/9 12:15,13.57575758,0.494736842,0.092395822
2016/8/9 12:30,13.73737374,0.515789474,0.173427997
2016/8/9 12:45,13.85858586,0.536842105,0.401546686
2016/8/9 13:00,13.97979798,0.536842105,0.514817022
2016/8/9 13:15,14.14141414,0.557894737,1.048501167
2016/8/9 13:30,14.26262626,0.578947368,0.293302726
2016/8/9 13:45,14.34343434,0.578947368,0.887864515
2016/8/9 14:00,14.46464646,0.578947368,2.640932754
2016/8/9 14:15,14.54545455,0.6,0.791458195
2016/8/9 14:30,14.66666667,0.621052632,0.339583791
2016/8/9 14:45,14.74747475,0.621052632,0.589476356
2016/8/9 15:00,14.82828283,0.621052632,0.657114359
2016/8/9 15:15,14.90909091,0.642105263,0.888442442
2016/8/9 15:30,14.98989899,0.642105263,1.851866046
2016/8/9 15:45,15.03030303,0.663157895,1.064351156
2016/8/9 16:00,15.07070707,0.663157895,0.540303843
2016/8/9 16:15,15.11111111,0.663157895,0.597712499
2016/8/9 16:30,15.11111111,0.663157895,0.655622786
2016/8/9 16:45,15.11111111,0.663157895,0.391879717
2016/8/9 17:00,15.11111111,0.663157895,1.037806785
2016/8/9 17:15,15.07070707,0.663157895,0.81508952
2016/8/9 17:30,14.98989899,0.663157895,1.995655886
2016/8/9 17:45,14.94949495,0.642105263,2.769105812
2016/8/9 18:00,14.86868687,0.642105263,2.770586735
2016/8/9 18:15,14.78787879,0.621052632,4.406730411
2016/8/9 18:30,14.66666667,0.621052632,4.382168165
2016/8/9 18:45,14.54545455,0.621052632,3.243554455
2016/8/9 19:00,14.42424242,0.6,1.949298959
2016/8/9 19:15,14.26262626,0.578947368,0.631585886
2016/8/9 19:30,14.14141414,0.578947368,0.682417683
2016/8/9 19:45,13.97979798,0.557894737,1.100779593
2016/8/9 20:00,13.81818182,0.536842105,1.54216803
2016/8/9 20:15,13.65656566,0.515789474,2.051457829
2016/8/9 20:30,13.49494949,0.494736842,1.800329228
2016/8/9 20:45,13.37373737,0.473684211,0.962203528
2016/8/9 21:00,13.21212121,0.452631579,0.595487998
2016/8/9 21:15,13.05050505,0.431578947,0.270694445
2016/8/9 21:30,12.92929293,0.410526316,0.03027044
2016/8/9 21:45,12.76767677,0.389473684,0.137431396
2016/8/9 22:00,12.60606061,0.347368421,0.395960301
2016/8/9 22:15,12.44444444,0.326315789,0.484616396
2016/8/9 22:30,12.32323232,0.305263158,1.099239728
2016/8/9 22:45,12.2020202,0.284210526,1.597947241
2016/8/9 23:00,12.04040404,0.263157895,0.792616759
2016/8/9 23:15,11.91919192,0.242105263,0.135003849
2016/8/9 23:30,11.7979798,0.221052632,0.435257667
2016/8/9 23:45,11.67676768,0.2,0.163986701
2016/8/10 0:00,11.51515152,0.242105263,0.244063329
2016/8/10 0:15,11.39393939,0.221052632,0.393072933
2016/8/10 0:30,11.27272727,0.2,0.135637774
2016/8/10 0:45,11.19191919,0.178947368,0.386961553
2016/8/10 1:00,11.11111111,0.157894737,0.150815855
2016/8/10 1:15,10.98989899,0.136842105,0.329694445
2016/8/10 1:30,10.86868687,0.115789474,0.477882278
2016/8/10 1:45,10.78787879,0.094736842,0.112613515
2016/8/10 2:00,10.70707071,0.073684211,0.114288636
2016/8/10 2:15,10.58585859,0.052631579,0.058000512
2016/8/10 2:30,10.50505051,0.031578947,0.224048569
2016/8/10 2:45,10.38383838,0.031578947,0.125816518
2016/8/10 3:00,10.3030303,0.010526316,0.291733738
2016/8/10 3:15,10.22222222,0.010526316,0.196155136
2016/8/10 3:30,10.14141414,0.010526316,0.102198322
2016/8/10 3:45,10.1010101,0.031578947,0.01185719
2016/8/10 4:00,10.02020202,0.052631579,0.001400926
2016/8/10 4:15,9.97979798,0.052631579,0.018514431
2016/8/10 4:30,9.93939394,0.052631579,0.115907661
2016/8/10 4:45,9.93939394,0.073684211,0.11681206
2016/8/10 5:00,9.8989899,0.073684211,0.16994417
2016/8/10 5:15,9.85858586,0.073684211,0.032868804
2016/8/10 5:30,9.8989899,0.073684211,0.005716321
2016/8/10 5:45,9.93939394,0.073684211,0.338403066
2016/8/10 6:00,9.93939394,0.073684211,0.041344481
2016/8/10 6:15,9.97979798,0.073684211,0.11095715
2016/8/10 6:30,10.06060606,0.073684211,0.036751277
2016/8/10 6:45,10.14141414,0.052631579,0.09801328
2016/8/10 7:00,10.18181818,0.052631579,0.038375612
2016/8/10 7:15,10.3030303,0.052631579,0.258414858
2016/8/10 7:30,10.38383838,0.031578947,0.087536768
2016/8/10 7:45,10.50505051,0.010526316,0.318995426
2016/8/10 8:00,10.62626263,0.010526316,0.38713638
2016/8/10 8:15,10.74747475,0.010526316,0.554293125
2016/8/10 8:30,10.90909091,0.052631579,0.427121606
2016/8/10 8:45,11.07070707,0.073684211,0.643403387
2016/8/10 9:00,11.23232323,0.094736842,0.657239844
2016/8/10 9:15,11.39393939,0.115789474,0.629555885
2016/8/10 9:30,11.55555556,0.136842105,0.376463445
2016/8/10 9:45,11.75757576,0.178947368,0.552848562
2016/8/10 10:00,11.91919192,0.2,0.593044287
2016/8/10 10:15,12.12121212,0.221052632,0.703390485
2016/8/10 10:30,12.28282828,0.263157895,0.736930575
2016/8/10 10:45,12.44444444,0.284210526,0.399153533
2016/8/10 11:00,12.64646465,0.305263158,0.326517506
2016/8/10 11:15,12.80808081,0.326315789,0.506767359
2016/8/10 11:30,12.96969697,0.347368421,0.187695486
2016/8/10 11:45,13.13131313,0.368421053,0.033345444
2016/8/10 12:00,13.29292929,0.389473684,0.134081368
2016/8/10 12:15,13.45454545,0.410526316,0.168351642
2016/8/10 12:30,13.57575758,0.431578947,0.057063571
2016/8/10 12:45,13.6969697,0.452631579,0.20110765
2016/8/10 13:00,13.81818182,0.452631579,0.544624965
2016/8/10 13:15,13.8989899,0.473684211,1.334283998
2016/8/10 13:30,13.93939394,0.473684211,0.222171698
2016/8/10 13:45,14.02020202,0.494736842,0.768604657
2016/8/10 14:00,14.1010101,0.494736842,2.639130506
2016/8/10 14:15,14.1010101,0.494736842,0.565231451
2016/8/10 14:30,14.1010101,0.494736842,0.68848183
2016/8/10 14:45,14.1010101,0.494736842,0.507298919
2016/8/10 15:00,14.1010101,0.494736842,0.690944293
2016/8/10 15:15,14.1010101,0.494736842,1.094309678
2016/8/10 15:30,14.02020202,0.494736842,2.182113913
2016/8/10 15:45,13.93939394,0.473684211,0.886107131
2016/8/10 16:00,13.8989899,0.473684211,0.666306347
2016/8/10 16:15,13.81818182,0.452631579,0.791513147
2016/8/10 16:30,13.73737374,0.452631579,0.557027309
2016/8/10 16:45,13.61616162,0.431578947,0.493550363
2016/8/10 17:00,13.53535354,0.410526316,0.833296661
2016/8/10 17:15,13.45454545,0.389473684,0.955807049
2016/8/10 17:30,13.33333333,0.368421053,2.147084199
2016/8/10 17:45,13.21212121,0.347368421,2.490230825
2016/8/10 18:00,13.13131313,0.326315789,2.834511049
2016/8/10 18:15,13.01010101,0.305263158,4.65772053
2016/8/10 18:30,12.88888889,0.263157895,4.278035339
2016/8/10 18:45,12.76767677,0.242105263,3.29177334
2016/8/10 19:00,12.64646465,0.221052632,1.821714585
2016/8/10 19:15,12.52525253,0.178947368,0.333589276
2016/8/10 19:30,12.4040404,0.157894737,0.716121809
2016/8/10 19:45,12.32323232,0.136842105,1.454544505
2016/8/10 20:00,12.2020202,0.115789474,1.621880831
2016/8/10 20:15,12.08080808,0.094736842,2.176460253
2016/8/10 20:30,12,0.073684211,1.497759951
2016/8/10 20:45,11.91919192,0.073684211,1.074094309
2016/8/10 21:00,11.7979798,0.052631579,0.754562181
2016/8/10 21:15,11.71717172,0.031578947,0.573874891
2016/8/10 21:30,11.63636364,0.031578947,0.064688119
2016/8/10 21:45,11.51515152,0.031578947,0.409748096
2016/8/10 22:00,11.43434343,0.010526316,0.288734021
2016/8/10 22:15,11.35353535,0.010526316,0.507762884
2016/8/10 22:30,11.27272727,0.010526316,1.057728537
2016/8/10 22:45,11.23232323,0.010526316,1.607772148
2016/8/10 23:00,11.15151515,0.031578947,0.964896756
2016/8/10 23:15,11.07070707,0.052631579,0.127477215
2016/8/10 23:30,11.03030303,0.052631579,0.25061456
2016/8/10 23:45,10.94949495,0.073684211,0.298387742
2016/8/11 0:00,10.74747475,0.115789474,0.463998233
