2016/8/1 0:00,11.15151515,0.221052632,0
2016/8/1 0:15,11.03030303,0.2,0
2016/8/1 0:30,10.94949495,0.178947368,0
2016/8/1 0:45,10.86868687,0.157894737,0
2016/8/1 1:00,10.74747475,0.136842105,0
2016/8/1 1:15,10.66666667,0.115789474,0
2016/8/1 1:30,10.58585859,0.094736842,0
2016/8/1 1:45,10.50505051,0.052631579,0
2016/8/1 2:00,10.42424242,0.031578947,0
2016/8/1 2:15,10.34343434,0.010526316,0
2016/8/1 2:30,10.26262626,0.010526316,0
2016/8/1 2:45,10.14141414,0.031578947,0
2016/8/1 3:00,10.06060606,0.052631579,0
2016/8/1 3:15,9.97979798,0.052631579,0
2016/8/1 3:30,9.8989899,0.073684211,0
2016/8/1 3:45,9.85858586,0.094736842,0
2016/8/1 4:00,9.77777778,0.094736842,0
2016/8/1 4:15,9.73737374,0.094736842,0
2016/8/1 4:30,9.65656566,0.094736842,0
2016/8/1 4:45,9.61616162,0.115789474,0
2016/8/1 5:00,9.57575758,0.115789474,0
2016/8/1 5:15,9.53535354,0.115789474,0
2016/8/1 5:30,9.53535354,0.094736842,0
2016/8/1 5:45,9.53535354,0.094736842,0
2016/8/1 6:00,9.49494949,0.094736842,0
2016/8/1 6:15,9.53535354,0.073684211,0
2016/8/1 6:30,9.57575758,0.052631579,0.003222167
2016/8/1 6:45,9.65656566,0.052631579,0.0205555
2016/8/1 7:00,9.6969697,0.031578947,0.038666667
2016/8/1 7:15,9.73737374,0.010526316,0.059166667
2016/8/1 7:30,9.85858586,0.010526316,0.100833333
2016/8/1 7:45,9.97979798,0.052631579,0.166277833
2016/8/1 8:00,10.06060606,0.073684211,0.248111667
2016/8/1 8:15,10.18181818,0.094736842,0.346945
2016/8/1 8:30,10.34343434,0.136842105,0.451055
2016/8/1 8:45,10.50505051,0.157894737,0.554388333
2016/8/1 9:00,10.66666667,0.178947368,0.6565
2016/8/1 9:15,10.86868687,0.2,0.751221667
2016/8/1 9:30,11.07070707,0.221052632,0.846388333
2016/8/1 9:45,11.23232323,0.242105263,0.932388333
2016/8/1 10:00,11.43434343,0.263157895,1.008666667
2016/8/1 10:15,11.63636364,0.284210526,1.079833333
2016/8/1 10:30,11.7979798,0.305263158,1.143721667
2016/8/1 10:45,11.95959596,0.347368421,1.200555
2016/8/1 11:00,12.16161616,0.368421053,1.249333333
2016/8/1 11:15,12.32323232,0.389473684,1.295445
2016/8/1 11:30,12.48484848,0.410526316,1.335555
2016/8/1 11:45,12.60606061,0.431578947,1.231
2016/8/1 12:00,12.76767677,0.452631579,1.351945
2016/8/1 12:15,12.92929293,0.473684211,1.264945
2016/8/1 12:30,13.05050505,0.494736842,1.247833333
2016/8/1 12:45,13.17171717,0.515789474,1.241945
2016/8/1 13:00,13.29292929,0.536842105,1.234166667
2016/8/1 13:15,13.37373737,0.557894737,1.239445
2016/8/1 13:30,13.45454545,0.578947368,1.227055
2016/8/1 13:45,13.57575758,0.578947368,1.204945
2016/8/1 14:00,13.65656566,0.578947368,1.187611667
2016/8/1 14:15,13.73737374,0.6,1.185111667
2016/8/1 14:30,13.81818182,0.6,1.173
2016/8/1 14:45,13.85858586,0.621052632,1.143945
2016/8/1 15:00,13.93939394,0.621052632,1.141721667
2016/8/1 15:15,14.02020202,0.621052632,1.1995
2016/8/1 15:30,14.06060606,0.621052632,1.245388333
2016/8/1 15:45,14.1010101,0.621052632,1.192333333
2016/8/1 16:00,14.18181818,0.621052632,1.140555
2016/8/1 16:15,14.18181818,0.621052632,1.074611667
2016/8/1 16:30,14.18181818,0.621052632,0.992333333
2016/8/1 16:45,14.18181818,0.621052632,0.927166667
2016/8/1 17:00,14.18181818,0.621052632,0.839388333
2016/8/1 17:15,14.18181818,0.621052632,0.748666667
2016/8/1 17:30,14.14141414,0.621052632,0.668111667
2016/8/1 17:45,14.1010101,0.6,0.559333333
2016/8/1 18:00,14.06060606,0.6,0.461
2016/8/1 18:15,13.97979798,0.6,0.360111667
2016/8/1 18:30,13.8989899,0.578947368,0.258778333
2016/8/1 18:45,13.81818182,0.578947368,0.1725
2016/8/1 19:00,13.73737374,0.578947368,0.099611167
2016/8/1 19:15,13.65656566,0.557894737,0.056777833
2016/8/1 19:30,13.53535354,0.536842105,0.040388833
2016/8/1 19:45,13.41414141,0.536842105,0.0275
2016/8/1 20:00,13.29292929,0.515789474,0.013166667
2016/8/1 20:15,13.17171717,0.494736842,0
2016/8/1 20:30,13.01010101,0.473684211,0
2016/8/1 20:45,12.84848485,0.452631579,0
2016/8/1 21:00,12.72727273,0.431578947,0
2016/8/1 21:15,12.56565657,0.410526316,0
2016/8/1 21:30,12.44444444,0.389473684,0
2016/8/1 21:45,12.28282828,0.347368421,0
2016/8/1 22:00,12.12121212,0.326315789,0
2016/8/1 22:15,11.95959596,0.305263158,0
2016/8/1 22:30,11.83838384,0.284210526,0
2016/8/1 22:45,11.71717172,0.263157895,0
2016/8/1 23:00,11.55555556,0.221052632,0
2016/8/1 23:15,11.43434343,0.2,0
2016/8/1 23:30,11.31313131,0.178947368,0
2016/8/1 23:45,11.19191919,0.157894737,0
2016/8/2 0:00,11.03030303,0.094736842,0
2016/8/2 0:15,10.90909091,0.073684211,0
2016/8/2 0:30,10.78787879,0.052631579,0
2016/8/2 0:45,10.70707071,0.031578947,0
2016/8/2 1:00,10.62626263,0.010526316,0
2016/8/2 1:15,10.50505051,0.010526316,0
2016/8/2 1:30,10.38383838,0.031578947,0
2016/8/2 1:45,10.3030303,0.052631579,0
2016/8/2 2:00,10.22222222,0.073684211,0
2016/8/2 2:15,10.1010101,0.094736842,0
2016/8/2 2:30,10.02020202,0.115789474,0
2016/8/2 2:45,9.8989899,0.136842105,0
2016/8/2 3:00,9.81818182,0.157894737,0
2016/8/2 3:15,9.73737374,0.178947368,0
2016/8/2 3:30,9.65656566,0.2,0
2016/8/2 3:45,9.57575758,0.221052632,0
2016/8/2 4:00,9.49494949,0.242105263,0
2016/8/2 4:15,9.45454545,0.242105263,0
2016/8/2 4:30,9.41414141,0.263157895,0
2016/8/2 4:45,9.37373737,0.263157895,0
2016/8/2 5:00,9.37373737,0.263157895,0
2016/8/2 5:15,9.37373737,0.263157895,0
2016/8/2 5:30,9.37373737,0.263157895,0
2016/8/2 5:45,9.37373737,0.242105263,0
2016/8/2 6:00,9.41414141,0.221052632,0
2016/8/2 6:15,9.45454545,0.221052632,0
2016/8/2 6:30,9.53535354,0.2,0.0014445
2016/8/2 6:45,9.57575758,0.178947368,0.020333333
2016/8/2 7:00,9.65656566,0.157894737,0.040111167
2016/8/2 7:15,9.77777778,0.136842105,0.063222167
2016/8/2 7:30,9.8989899,0.115789474,0.105333333
2016/8/2 7:45,10.02020202,0.073684211,0.165833333
2016/8/2 8:00,10.14141414,0.052631579,0.245888333
2016/8/2 8:15,10.26262626,0.031578947,0.342721667
2016/8/2 8:30,10.42424242,0.010526316,0.442388333
2016/8/2 8:45,10.58585859,0.010526316,0.542221667
2016/8/2 9:00,10.70707071,0.031578947,0.643388333
2016/8/2 9:15,10.90909091,0.052631579,0.738055
2016/8/2 9:30,11.07070707,0.073684211,0.835721667
2016/8/2 9:45,11.23232323,0.094736842,0.919945
2016/8/2 10:00,11.43434343,0.115789474,1.0015
2016/8/2 10:15,11.63636364,0.136842105,1.074833333
2016/8/2 10:30,11.7979798,0.178947368,1.139
2016/8/2 10:45,12,0.2,1.194278333
2016/8/2 11:00,12.2020202,0.221052632,1.209221667
2016/8/2 11:15,12.36363636,0.263157895,1.117445
2016/8/2 11:30,12.56565657,0.284210526,1.121666667
2016/8/2 11:45,12.76767677,0.305263158,1.148666667
2016/8/2 12:00,12.92929293,0.347368421,1.138221667
2016/8/2 12:15,13.09090909,0.368421053,1.126611667
2016/8/2 12:30,13.25252525,0.389473684,1.129388333
2016/8/2 12:45,13.41414141,0.431578947,1.132333333
2016/8/2 13:00,13.57575758,0.452631579,1.131611667
2016/8/2 13:15,13.73737374,0.473684211,1.133333333
2016/8/2 13:30,13.85858586,0.494736842,1.132388333
2016/8/2 13:45,13.97979798,0.515789474,1.118721667
2016/8/2 14:00,14.1010101,0.536842105,1.112555
2016/8/2 14:15,14.18181818,0.557894737,1.120221667
2016/8/2 14:30,14.26262626,0.578947368,1.099611667
2016/8/2 14:45,14.3030303,0.578947368,1.086721667
2016/8/2 15:00,14.34343434,0.578947368,1.070666667
2016/8/2 15:15,14.38383838,0.6,1.063445
2016/8/2 15:30,14.38383838,0.578947368,1.075555
2016/8/2 15:45,14.38383838,0.578947368,1.045888333
2016/8/2 16:00,14.38383838,0.578947368,1.094221667
2016/8/2 16:15,14.38383838,0.578947368,1.043611667
2016/8/2 16:30,14.34343434,0.557894737,1.195555
2016/8/2 16:45,14.26262626,0.536842105,1.067666667
2016/8/2 17:00,14.22222222,0.536842105,1.053
2016/8/2 17:15,14.14141414,0.515789474,0.8865
2016/8/2 17:30,14.06060606,0.494736842,0.827055
2016/8/2 17:45,13.97979798,0.494736842,0.563333333
2016/8/2 18:00,13.8989899,0.473684211,0.4015
2016/8/2 18:15,13.81818182,0.452631579,0.253721667
2016/8/2 18:30,13.6969697,0.431578947,0.0664445
2016/8/2 18:45,13.61616162,0.389473684,0.062666667
2016/8/2 19:00,13.49494949,0.368421053,0.0775555
2016/8/2 19:15,13.37373737,0.347368421,0.0845
2016/8/2 19:30,13.25252525,0.326315789,0.040888833
2016/8/2 19:45,13.09090909,0.305263158,0.016611167
2016/8/2 20:00,12.96969697,0.263157895,0.0025
2016/8/2 20:15,12.84848485,0.242105263,0
2016/8/2 20:30,12.68686869,0.221052632,0
2016/8/2 20:45,12.52525253,0.178947368,0
2016/8/2 21:00,12.4040404,0.136842105,0
2016/8/2 21:15,12.28282828,0.115789474,0
2016/8/2 21:30,12.12121212,0.094736842,0
2016/8/2 21:45,11.95959596,0.052631579,0
2016/8/2 22:00,11.83838384,0.010526316,0
2016/8/2 22:15,11.71717172,0.010526316,0
2016/8/2 22:30,11.5959596,0.031578947,0
2016/8/2 22:45,11.47474747,0.073684211,0
2016/8/2 23:00,11.35353535,0.115789474,0
2016/8/2 23:15,11.23232323,0.136842105,0
2016/8/2 23:30,11.15151515,0.157894737,0
2016/8/2 23:45,11.07070707,0.178947368,0
2016/8/3 0:00,10.94949495,0.242105263,0
2016/8/3 0:15,10.90909091,0.263157895,0
2016/8/3 0:30,10.86868687,0.263157895,0
2016/8/3 0:45,10.78787879,0.284210526,0
2016/8/3 1:00,10.74747475,0.305263158,0
2016/8/3 1:15,10.70707071,0.305263158,0
2016/8/3 1:30,10.62626263,0.326315789,0
2016/8/3 1:45,10.58585859,0.347368421,0
2016/8/3 2:00,10.54545455,0.347368421,0
2016/8/3 2:15,10.50505051,0.347368421,0
2016/8/3 2:30,10.46464646,0.368421053,0
2016/8/3 2:45,10.38383838,0.389473684,0
2016/8/3 3:00,10.34343434,0.389473684,0
2016/8/3 3:15,10.3030303,0.389473684,0
2016/8/3 3:30,10.26262626,0.410526316,0
2016/8/3 3:45,10.22222222,0.431578947,0
2016/8/3 4:00,10.18181818,0.431578947,0
2016/8/3 4:15,10.14141414,0.431578947,0
2016/8/3 4:30,10.1010101,0.431578947,0
2016/8/3 4:45,10.1010101,0.431578947,0
2016/8/3 5:00,10.1010101,0.431578947,0
2016/8/3 5:15,10.06060606,0.431578947,0
2016/8/3 5:30,10.06060606,0.431578947,0
2016/8/3 5:45,10.06060606,0.431578947,0
2016/8/3 6:00,10.06060606,0.410526316,0
2016/8/3 6:15,10.1010101,0.410526316,0
2016/8/3 6:30,10.1010101,0.389473684,0.0034445
2016/8/3 6:45,10.14141414,0.389473684,0.033222167
2016/8/3 7:00,10.18181818,0.368421053,0.073333333
2016/8/3 7:15,10.22222222,0.347368421,0.089222167
2016/8/3 7:30,10.3030303,0.326315789,0.0954445
2016/8/3 7:45,10.38383838,0.305263158,0.133277833
2016/8/3 8:00,10.42424242,0.284210526,0.2605
2016/8/3 8:15,10.54545455,0.263157895,0.368278333
2016/8/3 8:30,10.66666667,0.242105263,0.524888333
2016/8/3 8:45,10.78787879,0.2,0.395721667
2016/8/3 9:00,10.90909091,0.178947368,0.406388333
2016/8/3 9:15,11.03030303,0.157894737,0.608666667
2016/8/3 9:30,11.19191919,0.115789474,0.528611667
2016/8/3 9:45,11.31313131,0.073684211,0.544945
2016/8/3 10:00,11.47474747,0.052631579,0.530833333
2016/8/3 10:15,11.63636364,0.031578947,1.121945
2016/8/3 10:30,11.7979798,0.010526316,1.2845
2016/8/3 10:45,11.95959596,0.031578947,0.924666667
2016/8/3 11:00,12.12121212,0.052631579,1.288721667
2016/8/3 11:15,12.28282828,0.073684211,1.193111667
2016/8/3 11:30,12.44444444,0.094736842,1.2615
2016/8/3 11:45,12.60606061,0.115789474,1.265945
2016/8/3 12:00,12.76767677,0.136842105,1.169555
2016/8/3 12:15,12.92929293,0.157894737,1.193278333
2016/8/3 12:30,13.05050505,0.178947368,1.185666667
2016/8/3 12:45,13.17171717,0.2,1.160888333
2016/8/3 13:00,13.29292929,0.2,1.156333333
2016/8/3 13:15,13.37373737,0.221052632,1.192833333
2016/8/3 13:30,13.45454545,0.221052632,1.193055
2016/8/3 13:45,13.49494949,0.221052632,1.189611667
2016/8/3 14:00,13.53535354,0.221052632,1.207
2016/8/3 14:15,13.57575758,0.2,1.273166667
2016/8/3 14:30,13.53535354,0.2,1.367555
2016/8/3 14:45,13.49494949,0.2,1.320945
2016/8/3 15:00,13.45454545,0.178947368,1.229
2016/8/3 15:15,13.37373737,0.157894737,0.865445
2016/8/3 15:30,13.29292929,0.157894737,0.793
2016/8/3 15:45,13.21212121,0.136842105,1.061945
2016/8/3 16:00,13.09090909,0.115789474,0.339555
2016/8/3 16:15,13.01010101,0.094736842,0.270166667
2016/8/3 16:30,12.88888889,0.073684211,0.314778333
2016/8/3 16:45,12.76767677,0.052631579,0.203221667
2016/8/3 17:00,12.64646465,0.031578947,0.077333333
2016/8/3 17:15,12.52525253,0.010526316,0.0319445
2016/8/3 17:30,12.4040404,0.010526316,0.014111167
2016/8/3 17:45,12.32323232,0.031578947,0.005666667
2016/8/3 18:00,12.24242424,0.052631579,0.0029445
2016/8/3 18:15,12.12121212,0.073684211,0.0009445
2016/8/3 18:30,12.04040404,0.094736842,0.0014445
2016/8/3 18:45,11.91919192,0.094736842,0.0024445
2016/8/3 19:00,11.83838384,0.115789474,0.007666667
2016/8/3 19:15,11.75757576,0.136842105,0.014166667
2016/8/3 19:30,11.67676768,0.157894737,0.021333333
2016/8/3 19:45,11.5959596,0.178947368,0.016388833
2016/8/3 20:00,11.51515152,0.2,0.0064445
2016/8/3 20:15,11.43434343,0.221052632,0.001
2016/8/3 20:30,11.35353535,0.242105263,0
2016/8/3 20:45,11.31313131,0.263157895,0
2016/8/3 21:00,11.23232323,0.284210526,0
2016/8/3 21:15,11.19191919,0.305263158,0
2016/8/3 21:30,11.11111111,0.326315789,0
2016/8/3 21:45,11.03030303,0.347368421,0
2016/8/3 22:00,10.98989899,0.368421053,0
2016/8/3 22:15,10.90909091,0.389473684,0
2016/8/3 22:30,10.86868687,0.410526316,0
2016/8/3 22:45,10.78787879,0.431578947,0
2016/8/3 23:00,10.70707071,0.452631579,0
2016/8/3 23:15,10.62626263,0.473684211,0
2016/8/3 23:30,10.54545455,0.494736842,0
2016/8/3 23:45,10.50505051,0.515789474,0
2016/8/4 0:00,10.14141414,0.557894737,0
2016/8/4 0:15,10.1010101,0.557894737,0
2016/8/4 0:30,10.06060606,0.578947368,0
2016/8/4 0:45,10.02020202,0.6,0
2016/8/4 1:00,10.02020202,0.6,0
2016/8/4 1:15,9.97979798,0.6,0
2016/8/4 1:30,9.93939394,0.621052632,0
2016/8/4 1:45,9.93939394,0.642105263,0
2016/8/4 2:00,9.93939394,0.642105263,0
2016/8/4 2:15,9.8989899,0.642105263,0
2016/8/4 2:30,9.81818182,0.663157895,0
2016/8/4 2:45,9.77777778,0.684210526,0
2016/8/4 3:00,9.73737374,0.684210526,0
2016/8/4 3:15,9.6969697,0.684210526,0
2016/8/4 3:30,9.65656566,0.684210526,0
2016/8/4 3:45,9.61616162,0.705263158,0
2016/8/4 4:00,9.57575758,0.705263158,0
2016/8/4 4:15,9.53535354,0.705263158,0
2016/8/4 4:30,9.49494949,0.705263158,0
2016/8/4 4:45,9.45454545,0.705263158,0
2016/8/4 5:00,9.45454545,0.705263158,0
2016/8/4 5:15,9.45454545,0.705263158,0
2016/8/4 5:30,9.45454545,0.684210526,0
2016/8/4 5:45,9.45454545,0.684210526,0
2016/8/4 6:00,9.49494949,0.684210526,0
2016/8/4 6:15,9.53535354,0.663157895,0
2016/8/4 6:30,9.57575758,0.642105263,0
2016/8/4 6:45,9.65656566,0.642105263,0
2016/8/4 7:00,9.6969697,0.621052632,0
2016/8/4 7:15,9.73737374,0.6,0
2016/8/4 7:30,9.81818182,0.578947368,0
2016/8/4 7:45,9.8989899,0.557894737,0
2016/8/4 8:00,9.93939394,0.536842105,0
2016/8/4 8:15,10.02020202,0.515789474,0.0034445
2016/8/4 8:30,10.1010101,0.494736842,0.017111167
2016/8/4 8:45,10.18181818,0.473684211,0.035722167
2016/8/4 9:00,10.26262626,0.452631579,0.067611167
2016/8/4 9:15,10.34343434,0.431578947,0.115722167
2016/8/4 9:30,10.42424242,0.410526316,0.151222167
2016/8/4 9:45,10.50505051,0.389473684,0.180721667
2016/8/4 10:00,10.58585859,0.368421053,0.222555
2016/8/4 10:15,10.70707071,0.347368421,0.268166667
2016/8/4 10:30,10.78787879,0.326315789,0.421055
2016/8/4 10:45,10.90909091,0.305263158,0.4535
2016/8/4 11:00,11.03030303,0.305263158,0.476611667
2016/8/4 11:15,11.15151515,0.284210526,0.642611667
2016/8/4 11:30,11.27272727,0.263157895,0.851833333
2016/8/4 11:45,11.39393939,0.263157895,1.143721667
2016/8/4 12:00,11.55555556,0.242105263,1.127888333
2016/8/4 12:15,11.67676768,0.221052632,1.424833333
2016/8/4 12:30,11.75757576,0.221052632,1.597778333
2016/8/4 12:45,11.83838384,0.2,1.408221667
2016/8/4 13:00,11.95959596,0.178947368,1.158611667
2016/8/4 13:15,12.04040404,0.178947368,1.117445
2016/8/4 13:30,12.08080808,0.178947368,1.131833333
2016/8/4 13:45,12.12121212,0.178947368,1.147721667
2016/8/4 14:00,12.16161616,0.178947368,1.177888333
2016/8/4 14:15,12.16161616,0.178947368,1.159611667
2016/8/4 14:30,12.08080808,0.2,1.229221667
2016/8/4 14:45,12,0.221052632,1.359833333
2016/8/4 15:00,11.95959596,0.221052632,0.959888333
2016/8/4 15:15,11.87878788,0.242105263,1.380166667
2016/8/4 15:30,11.75757576,0.263157895,0.837888333
2016/8/4 15:45,11.67676768,0.263157895,1.092945
2016/8/4 16:00,11.55555556,0.284210526,0.869945
2016/8/4 16:15,11.43434343,0.305263158,0.590055
2016/8/4 16:30,11.35353535,0.305263158,1.018555
2016/8/4 16:45,11.27272727,0.305263158,0.744945
2016/8/4 17:00,11.19191919,0.326315789,0.471111667
2016/8/4 17:15,11.15151515,0.326315789,0.314721667
2016/8/4 17:30,11.15151515,0.326315789,0.232721667
2016/8/4 17:45,11.15151515,0.326315789,0.177888333
2016/8/4 18:00,11.15151515,0.326315789,0.120666667
2016/8/4 18:15,11.19191919,0.326315789,0.094166667
2016/8/4 18:30,11.23232323,0.326315789,0.070166667
2016/8/4 18:45,11.27272727,0.326315789,0.0535555
2016/8/4 19:00,11.31313131,0.326315789,0.038888833
2016/8/4 19:15,11.31313131,0.347368421,0.0200555
2016/8/4 19:30,11.31313131,0.347368421,0.007388833
2016/8/4 19:45,11.35353535,0.347368421,0
2016/8/4 20:00,11.35353535,0.368421053,0
2016/8/4 20:15,11.31313131,0.389473684,0
2016/8/4 20:30,11.23232323,0.410526316,0
2016/8/4 20:45,11.15151515,0.452631579,0
2016/8/4 21:00,11.07070707,0.473684211,0
2016/8/4 21:15,10.98989899,0.494736842,0
2016/8/4 21:30,10.82828283,0.536842105,0
2016/8/4 21:45,10.70707071,0.557894737,0
2016/8/4 22:00,10.58585859,0.578947368,0
2016/8/4 22:15,10.46464646,0.621052632,0
2016/8/4 22:30,10.34343434,0.642105263,0
2016/8/4 22:45,10.18181818,0.663157895,0
2016/8/4 23:00,10.06060606,0.705263158,0
2016/8/4 23:15,9.93939394,0.726315789,0
2016/8/4 23:30,9.85858586,0.726315789,0
2016/8/4 23:45,9.77777778,0.747368421,0
2016/8/5 0:00,9.6969697,0.747368421,0
2016/8/5 0:15,9.65656566,0.747368421,0
2016/8/5 0:30,9.57575758,0.768421053,0
2016/8/5 0:45,9.53535354,0.768421053,0
2016/8/5 1:00,9.49494949,0.768421053,0
2016/8/5 1:15,9.45454545,0.768421053,0
2016/8/5 1:30,9.41414141,0.768421053,0
2016/8/5 1:45,9.37373737,0.768421053,0
2016/8/5 2:00,9.33333333,0.768421053,0
2016/8/5 2:15,9.29292929,0.768421053,0
2016/8/5 2:30,9.25252525,0.768421053,0
2016/8/5 2:45,9.17171717,0.768421053,0
2016/8/5 3:00,9.13131313,0.768421053,0
2016/8/5 3:15,9.09090909,0.768421053,0
2016/8/5 3:30,9.05050505,0.768421053,0
2016/8/5 3:45,9.05050505,0.768421053,0
2016/8/5 4:00,9.01010101,0.747368421,0
2016/8/5 4:15,8.96969697,0.747368421,0
2016/8/5 4:30,8.96969697,0.747368421,0
2016/8/5 4:45,8.96969697,0.726315789,0
2016/8/5 5:00,8.92929293,0.726315789,0
2016/8/5 5:15,8.96969697,0.726315789,0
2016/8/5 5:30,8.96969697,0.705263158,0
2016/8/5 5:45,9.01010101,0.684210526,0
2016/8/5 6:00,9.05050505,0.684210526,0
2016/8/5 6:15,9.09090909,0.663157895,0
2016/8/5 6:30,9.17171717,0.642105263,0.0015
2016/8/5 6:45,9.25252525,0.642105263,0.019833333
2016/8/5 7:00,9.29292929,0.621052632,0.046388833
2016/8/5 7:15,9.41414141,0.6,0.074833333
2016/8/5 7:30,9.49494949,0.578947368,0.112277833
2016/8/5 7:45,9.61616162,0.536842105,0.178445
2016/8/5 8:00,9.73737374,0.515789474,0.260721667
2016/8/5 8:15,9.85858586,0.494736842,0.343278333
2016/8/5 8:30,10.02020202,0.452631579,0.450055
2016/8/5 8:45,10.14141414,0.431578947,0.517721667
2016/8/5 9:00,10.26262626,0.410526316,0.650555
2016/8/5 9:15,10.42424242,0.389473684,0.7695
2016/8/5 9:30,10.58585859,0.368421053,0.912721667
2016/8/5 9:45,10.74747475,0.326315789,0.931611667
2016/8/5 10:00,10.90909091,0.305263158,1.003945
2016/8/5 10:15,11.07070707,0.284210526,1.061166667
2016/8/5 10:30,11.23232323,0.242105263,1.149666667
2016/8/5 10:45,11.35353535,0.2,1.207666667
2016/8/5 11:00,11.47474747,0.178947368,1.180388333
2016/8/5 11:15,11.63636364,0.157894737,1.130333333
2016/8/5 11:30,11.75757576,0.115789474,1.132611667
2016/8/5 11:45,11.83838384,0.094736842,1.092445
2016/8/5 12:00,11.95959596,0.073684211,1.109778333
2016/8/5 12:15,12.04040404,0.031578947,1.087221667
2016/8/5 12:30,12.16161616,0.010526316,1.087721667
2016/8/5 12:45,12.24242424,0.010526316,1.096111667
2016/8/5 13:00,12.32323232,0.052631579,1.109278333
2016/8/5 13:15,12.4040404,0.073684211,1.1115
2016/8/5 13:30,12.48484848,0.094736842,1.109555
2016/8/5 13:45,12.56565657,0.115789474,1.108555
2016/8/5 14:00,12.64646465,0.136842105,1.108778333
2016/8/5 14:15,12.72727273,0.157894737,1.106333333
2016/8/5 14:30,12.80808081,0.178947368,1.199555
2016/8/5 14:45,12.88888889,0.2,1.276833333
2016/8/5 15:00,12.96969697,0.2,1.062721667
2016/8/5 15:15,13.05050505,0.221052632,0.918721667
2016/8/5 15:30,13.13131313,0.242105263,0.803721667
2016/8/5 15:45,13.21212121,0.242105263,0.719445
2016/8/5 16:00,13.25252525,0.242105263,1.158666667
2016/8/5 16:15,13.29292929,0.263157895,1.005945
2016/8/5 16:30,13.33333333,0.263157895,0.627
2016/8/5 16:45,13.33333333,0.263157895,0.819833333
2016/8/5 17:00,13.33333333,0.263157895,0.983166667
2016/8/5 17:15,13.29292929,0.242105263,0.681778333
2016/8/5 17:30,13.25252525,0.242105263,0.4845
2016/8/5 17:45,13.21212121,0.242105263,0.500833333
2016/8/5 18:00,13.13131313,0.221052632,0.632445
2016/8/5 18:15,13.05050505,0.2,0.413445
2016/8/5 18:30,12.92929293,0.2,0.274166667
2016/8/5 18:45,12.80808081,0.178947368,0.159833333
2016/8/5 19:00,12.72727273,0.157894737,0.091166667
2016/8/5 19:15,12.60606061,0.136842105,0.0614445
2016/8/5 19:30,12.44444444,0.115789474,0.042888833
2016/8/5 19:45,12.28282828,0.094736842,0.025277833
2016/8/5 20:00,12.16161616,0.073684211,0.007666667
2016/8/5 20:15,12,0.052631579,0
2016/8/5 20:30,11.87878788,0.031578947,0
2016/8/5 20:45,11.71717172,0.031578947,0
2016/8/5 21:00,11.55555556,0.010526316,0
2016/8/5 21:15,11.39393939,0.010526316,0
2016/8/5 21:30,11.27272727,0.010526316,0
2016/8/5 21:45,11.15151515,0.010526316,0
2016/8/5 22:00,10.98989899,0.031578947,0
2016/8/5 22:15,10.86868687,0.052631579,0
2016/8/5 22:30,10.78787879,0.052631579,0
2016/8/5 22:45,10.66666667,0.052631579,0
2016/8/5 23:00,10.54545455,0.073684211,0
2016/8/5 23:15,10.50505051,0.073684211,0
2016/8/5 23:30,10.46464646,0.094736842,0
2016/8/5 23:45,10.42424242,0.094736842,0
2016/8/6 0:00,10.34343434,0.115789474,0
2016/8/6 0:15,10.3030303,0.115789474,0
2016/8/6 0:30,10.3030303,0.136842105,0
2016/8/6 0:45,10.26262626,0.136842105,0
2016/8/6 1:00,10.26262626,0.136842105,0
2016/8/6 1:15,10.26262626,0.136842105,0
2016/8/6 1:30,10.22222222,0.136842105,0
2016/8/6 1:45,10.18181818,0.157894737,0
2016/8/6 2:00,10.18181818,0.157894737,0
2016/8/6 2:15,10.1010101,0.178947368,0
2016/8/6 2:30,9.97979798,0.178947368,0
2016/8/6 2:45,9.8989899,0.2,0
2016/8/6 3:00,9.81818182,0.221052632,0
2016/8/6 3:15,9.6969697,0.242105263,0
2016/8/6 3:30,9.53535354,0.263157895,0
2016/8/6 3:45,9.41414141,0.284210526,0
2016/8/6 4:00,9.29292929,0.305263158,0
2016/8/6 4:15,9.17171717,0.305263158,0
2016/8/6 4:30,9.09090909,0.326315789,0
2016/8/6 4:45,9.01010101,0.347368421,0
2016/8/6 5:00,8.92929293,0.347368421,0
2016/8/6 5:15,8.88888889,0.347368421,0
2016/8/6 5:30,8.88888889,0.347368421,0
2016/8/6 5:45,8.92929293,0.347368421,0
2016/8/6 6:00,8.92929293,0.326315789,0
2016/8/6 6:15,8.96969697,0.326315789,0
2016/8/6 6:30,9.09090909,0.305263158,0.0029445
2016/8/6 6:45,9.17171717,0.305263158,0.0225
2016/8/6 7:00,9.25252525,0.284210526,0.044111167
2016/8/6 7:15,9.37373737,0.263157895,0.070388833
2016/8/6 7:30,9.53535354,0.242105263,0.112777833
2016/8/6 7:45,9.65656566,0.221052632,0.173278333
2016/8/6 8:00,9.77777778,0.2,0.253055
2016/8/6 8:15,9.93939394,0.178947368,0.346445
2016/8/6 8:30,10.14141414,0.157894737,0.451555
2016/8/6 8:45,10.34343434,0.115789474,0.552945
2016/8/6 9:00,10.50505051,0.094736842,0.6545
2016/8/6 9:15,10.66666667,0.073684211,0.755945
2016/8/6 9:30,10.86868687,0.031578947,0.853055
2016/8/6 9:45,11.07070707,0.010526316,0.937055
2016/8/6 10:00,11.23232323,0.010526316,1.014388333
2016/8/6 10:15,11.39393939,0.031578947,1.082278333
2016/8/6 10:30,11.55555556,0.052631579,1.135333333
2016/8/6 10:45,11.71717172,0.094736842,1.202945
2016/8/6 11:00,11.87878788,0.115789474,1.146
2016/8/6 11:15,12.04040404,0.136842105,1.106333333
2016/8/6 11:30,12.16161616,0.157894737,1.093666667
2016/8/6 11:45,12.28282828,0.178947368,1.099166667
2016/8/6 12:00,12.44444444,0.2,1.100611667
2016/8/6 12:15,12.52525253,0.221052632,1.103388333
2016/8/6 12:30,12.64646465,0.242105263,1.104333333
2016/8/6 12:45,12.72727273,0.263157895,1.104833333
2016/8/6 13:00,12.80808081,0.284210526,1.104611667
2016/8/6 13:15,12.88888889,0.305263158,1.104611667
2016/8/6 13:30,12.96969697,0.326315789,1.104388333
2016/8/6 13:45,13.05050505,0.326315789,1.116
2016/8/6 14:00,13.09090909,0.347368421,1.109055
2016/8/6 14:15,13.17171717,0.368421053,1.141
2016/8/6 14:30,13.21212121,0.368421053,1.167778333
2016/8/6 14:45,13.29292929,0.389473684,0.755445
2016/8/6 15:00,13.33333333,0.410526316,0.368278333
2016/8/6 15:15,13.37373737,0.410526316,0.740778333
2016/8/6 15:30,13.41414141,0.410526316,1.284
2016/8/6 15:45,13.41414141,0.410526316,1.200721667
2016/8/6 16:00,13.45454545,0.410526316,1.274833333
2016/8/6 16:15,13.45454545,0.410526316,0.955333333
2016/8/6 16:30,13.45454545,0.410526316,0.907333333
2016/8/6 16:45,13.41414141,0.410526316,0.322166667
2016/8/6 17:00,13.41414141,0.410526316,0.730055
2016/8/6 17:15,13.41414141,0.410526316,0.814888333
2016/8/6 17:30,13.37373737,0.410526316,0.597778333
2016/8/6 17:45,13.29292929,0.389473684,0.283778333
2016/8/6 18:00,13.25252525,0.389473684,0.468666667
2016/8/6 18:15,13.17171717,0.368421053,0.353888333
2016/8/6 18:30,13.09090909,0.368421053,0.26
2016/8/6 18:45,12.96969697,0.347368421,0.171721667
2016/8/6 19:00,12.88888889,0.326315789,0.103611167
2016/8/6 19:15,12.80808081,0.305263158,0.0614445
2016/8/6 19:30,12.68686869,0.284210526,0.043388833
2016/8/6 19:45,12.56565657,0.284210526,0.028777833
2016/8/6 20:00,12.44444444,0.263157895,0.0089445
2016/8/6 20:15,12.32323232,0.242105263,0
2016/8/6 20:30,12.2020202,0.221052632,0
2016/8/6 20:45,12.04040404,0.2,0
2016/8/6 21:00,11.91919192,0.178947368,0
2016/8/6 21:15,11.7979798,0.157894737,0
2016/8/6 21:30,11.63636364,0.136842105,0
2016/8/6 21:45,11.51515152,0.115789474,0
2016/8/6 22:00,11.39393939,0.094736842,0
2016/8/6 22:15,11.27272727,0.073684211,0
2016/8/6 22:30,11.15151515,0.052631579,0
2016/8/6 22:45,11.03030303,0.031578947,0
2016/8/6 23:00,10.90909091,0.010526316,0
2016/8/6 23:15,10.78787879,0.010526316,0
2016/8/6 23:30,10.70707071,0.010526316,0
2016/8/6 23:45,10.58585859,0.031578947,0
2016/8/7 0:00,10.38383838,0.115789474,0
2016/8/7 0:15,10.26262626,0.136842105,0
2016/8/7 0:30,10.18181818,0.136842105,0
2016/8/7 0:45,10.06060606,0.136842105,0
2016/8/7 1:00,9.97979798,0.157894737,0
2016/8/7 1:15,9.8989899,0.157894737,0
2016/8/7 1:30,9.81818182,0.178947368,0
2016/8/7 1:45,9.77777778,0.178947368,0
2016/8/7 2:00,9.6969697,0.178947368,0
2016/8/7 2:15,9.65656566,0.178947368,0
2016/8/7 2:30,9.61616162,0.178947368,0
2016/8/7 2:45,9.57575758,0.178947368,0
2016/8/7 3:00,9.53535354,0.178947368,0
2016/8/7 3:15,9.49494949,0.178947368,0
2016/8/7 3:30,9.45454545,0.178947368,0
2016/8/7 3:45,9.45454545,0.178947368,0
2016/8/7 4:00,9.45454545,0.178947368,0
2016/8/7 4:15,9.41414141,0.178947368,0
2016/8/7 4:30,9.37373737,0.178947368,0
2016/8/7 4:45,9.37373737,0.178947368,0
2016/8/7 5:00,9.37373737,0.178947368,0
2016/8/7 5:15,9.33333333,0.178947368,0
2016/8/7 5:30,9.33333333,0.178947368,0
2016/8/7 5:45,9.29292929,0.178947368,0
2016/8/7 6:00,9.29292929,0.178947368,0
2016/8/7 6:15,9.29292929,0.178947368,0
2016/8/7 6:30,9.29292929,0.178947368,0.000722167
2016/8/7 6:45,9.33333333,0.157894737,0.016888833
2016/8/7 7:00,9.33333333,0.136842105,0.0399445
2016/8/7 7:15,9.37373737,0.136842105,0.064666667
2016/8/7 7:30,9.45454545,0.136842105,0.106333333
2016/8/7 7:45,9.49494949,0.115789474,0.167778333
2016/8/7 8:00,9.57575758,0.094736842,0.253555
2016/8/7 8:15,9.6969697,0.094736842,0.349945
2016/8/7 8:30,9.85858586,0.073684211,0.457221667
2016/8/7 8:45,9.97979798,0.052631579,0.558611667
2016/8/7 9:00,10.1010101,0.031578947,0.661445
2016/8/7 9:15,10.26262626,0.010526316,0.756388333
2016/8/7 9:30,10.46464646,0.031578947,0.847833333
2016/8/7 9:45,10.66666667,0.052631579,0.935833333
2016/8/7 10:00,10.82828283,0.094736842,1.017611667
2016/8/7 10:15,11.03030303,0.115789474,1.088221667
2016/8/7 10:30,11.23232323,0.136842105,1.149221667
2016/8/7 10:45,11.39393939,0.178947368,1.204221667
2016/8/7 11:00,11.5959596,0.2,1.2295
2016/8/7 11:15,11.75757576,0.221052632,1.243388333
2016/8/7 11:30,11.91919192,0.263157895,1.169833333
2016/8/7 11:45,12.08080808,0.284210526,1.162333333
2016/8/7 12:00,12.24242424,0.305263158,1.160111667
2016/8/7 12:15,12.4040404,0.326315789,1.160888333
2016/8/7 12:30,12.52525253,0.347368421,1.163333333
2016/8/7 12:45,12.68686869,0.368421053,1.163833333
2016/8/7 13:00,12.84848485,0.389473684,1.166333333
2016/8/7 13:15,12.96969697,0.410526316,1.162833333
2016/8/7 13:30,13.05050505,0.431578947,1.162388333
2016/8/7 13:45,13.13131313,0.452631579,1.151611667
2016/8/7 14:00,13.25252525,0.452631579,1.143555
2016/8/7 14:15,13.33333333,0.473684211,1.142555
2016/8/7 14:30,13.41414141,0.494736842,1.153888333
2016/8/7 14:45,13.49494949,0.494736842,1.139278333
2016/8/7 15:00,13.57575758,0.494736842,1.135055
2016/8/7 15:15,13.65656566,0.515789474,1.1475
2016/8/7 15:30,13.6969697,0.515789474,1.228778333
2016/8/7 15:45,13.73737374,0.515789474,1.185111667
2016/8/7 16:00,13.77777778,0.515789474,1.122721667
2016/8/7 16:15,13.77777778,0.515789474,1.051055
2016/8/7 16:30,13.77777778,0.494736842,0.984111667
2016/8/7 16:45,13.77777778,0.494736842,0.913778333
2016/8/7 17:00,13.77777778,0.494736842,0.831221667
2016/8/7 17:15,13.77777778,0.473684211,0.736833333
2016/8/7 17:30,13.73737374,0.452631579,0.630721667
2016/8/7 17:45,13.6969697,0.431578947,0.535778333
2016/8/7 18:00,13.65656566,0.410526316,0.442166667
2016/8/7 18:15,13.57575758,0.389473684,0.342721667
2016/8/7 18:30,13.49494949,0.368421053,0.250555
2016/8/7 18:45,13.41414141,0.347368421,0.168555
2016/8/7 19:00,13.33333333,0.326315789,0.0949445
2016/8/7 19:15,13.25252525,0.305263158,0.054277833
2016/8/7 19:30,13.13131313,0.284210526,0.0245555
2016/8/7 19:45,13.05050505,0.263157895,0.008166667
2016/8/7 20:00,12.92929293,0.242105263,0.0005
2016/8/7 20:15,12.80808081,0.242105263,0
2016/8/7 20:30,12.68686869,0.221052632,0
2016/8/7 20:45,12.52525253,0.2,0
2016/8/7 21:00,12.4040404,0.2,0
2016/8/7 21:15,12.24242424,0.2,0
2016/8/7 21:30,12.12121212,0.178947368,0
2016/8/7 21:45,11.95959596,0.157894737,0
2016/8/7 22:00,11.7979798,0.157894737,0
2016/8/7 22:15,11.67676768,0.157894737,0
2016/8/7 22:30,11.55555556,0.136842105,0
2016/8/7 22:45,11.39393939,0.115789474,0
2016/8/7 23:00,11.27272727,0.115789474,0
2016/8/7 23:15,11.15151515,0.094736842,0
2016/8/7 23:30,11.03030303,0.073684211,0
2016/8/7 23:45,10.94949495,0.073684211,0
2016/8/8 0:00,10.86868687,0.052631579,0
2016/8/8 0:15,10.74747475,0.031578947,0
2016/8/8 0:30,10.66666667,0.010526316,0
2016/8/8 0:45,10.54545455,0.031578947,0
2016/8/8 1:00,10.46464646,0.052631579,0
2016/8/8 1:15,10.38383838,0.073684211,0
2016/8/8 1:30,10.3030303,0.094736842,0
2016/8/8 1:45,10.22222222,0.115789474,0
2016/8/8 2:00,10.1010101,0.136842105,0
2016/8/8 2:15,10.02020202,0.157894737,0
2016/8/8 2:30,9.93939394,0.178947368,0
2016/8/8 2:45,9.81818182,0.178947368,0
2016/8/8 3:00,9.73737374,0.2,0
2016/8/8 3:15,9.65656566,0.221052632,0
2016/8/8 3:30,9.57575758,0.221052632,0
2016/8/8 3:45,9.49494949,0.221052632,0
2016/8/8 4:00,9.37373737,0.242105263,0
2016/8/8 4:15,9.33333333,0.242105263,0
2016/8/8 4:30,9.29292929,0.242105263,0
2016/8/8 4:45,9.25252525,0.242105263,0
2016/8/8 5:00,9.21212121,0.242105263,0
2016/8/8 5:15,9.17171717,0.242105263,0
2016/8/8 5:30,9.21212121,0.221052632,0
2016/8/8 5:45,9.21212121,0.221052632,0
2016/8/8 6:00,9.21212121,0.221052632,0
2016/8/8 6:15,9.25252525,0.2,0
2016/8/8 6:30,9.33333333,0.178947368,0.0069445
2016/8/8 6:45,9.41414141,0.178947368,0.024777833
2016/8/8 7:00,9.45454545,0.157894737,0.042888833
2016/8/8 7:15,9.57575758,0.136842105,0.071388833
2016/8/8 7:30,9.6969697,0.115789474,0.113777833
2016/8/8 7:45,9.81818182,0.073684211,0.1715
2016/8/8 8:00,9.93939394,0.052631579,0.256778333
2016/8/8 8:15,10.06060606,0.031578947,0.351445
2016/8/8 8:30,10.22222222,0.010526316,0.454055
2016/8/8 8:45,10.38383838,0.052631579,0.559611667
2016/8/8 9:00,10.54545455,0.073684211,0.6575
2016/8/8 9:15,10.74747475,0.094736842,0.753888333
2016/8/8 9:30,10.90909091,0.136842105,0.844388333
2016/8/8 9:45,11.11111111,0.178947368,0.928666667
2016/8/8 10:00,11.31313131,0.2,1.008666667
2016/8/8 10:15,11.51515152,0.221052632,1.080278333
2016/8/8 10:30,11.71717172,0.263157895,1.147
2016/8/8 10:45,11.87878788,0.284210526,1.208721667
2016/8/8 11:00,12.08080808,0.305263158,1.258
2016/8/8 11:15,12.24242424,0.326315789,1.163778333
2016/8/8 11:30,12.44444444,0.347368421,1.144
2016/8/8 11:45,12.60606061,0.389473684,1.147445
2016/8/8 12:00,12.76767677,0.410526316,1.1405
2016/8/8 12:15,12.92929293,0.431578947,1.136778333
2016/8/8 12:30,13.09090909,0.452631579,1.138555
2016/8/8 12:45,13.25252525,0.452631579,1.140778333
2016/8/8 13:00,13.41414141,0.473684211,1.140555
2016/8/8 13:15,13.57575758,0.494736842,1.139555
2016/8/8 13:30,13.6969697,0.515789474,1.139
2016/8/8 13:45,13.81818182,0.536842105,1.151221667
2016/8/8 14:00,13.93939394,0.536842105,1.149445
2016/8/8 14:15,14.02020202,0.557894737,1.146445
2016/8/8 14:30,14.1010101,0.578947368,1.221278333
2016/8/8 14:45,14.22222222,0.578947368,1.188111667
2016/8/8 15:00,14.3030303,0.578947368,1.247833333
2016/8/8 15:15,14.38383838,0.6,1.277333333
2016/8/8 15:30,14.42424242,0.6,1.261721667
2016/8/8 15:45,14.50505051,0.621052632,1.111278333
2016/8/8 16:00,14.58585859,0.621052632,1.049555
2016/8/8 16:15,14.58585859,0.621052632,1.064166667
2016/8/8 16:30,14.62626263,0.621052632,0.989388333
2016/8/8 16:45,14.62626263,0.621052632,0.9115
2016/8/8 17:00,14.62626263,0.621052632,0.822111667
2016/8/8 17:15,14.62626263,0.621052632,0.700388333
2016/8/8 17:30,14.58585859,0.621052632,0.646111667
2016/8/8 17:45,14.54545455,0.6,0.549721667
2016/8/8 18:00,14.54545455,0.6,0.392888333
2016/8/8 18:15,14.46464646,0.578947368,0.408666667
2016/8/8 18:30,14.38383838,0.578947368,0.2935
2016/8/8 18:45,14.3030303,0.557894737,0.178166667
2016/8/8 19:00,14.22222222,0.536842105,0.1045555
2016/8/8 19:15,14.14141414,0.515789474,0.0584445
2016/8/8 19:30,14.02020202,0.494736842,0.040388833
2016/8/8 19:45,13.8989899,0.494736842,0.025777833
2016/8/8 20:00,13.77777778,0.473684211,0.004
2016/8/8 20:15,13.61616162,0.452631579,0
2016/8/8 20:30,13.49494949,0.452631579,0
2016/8/8 20:45,13.33333333,0.431578947,0
2016/8/8 21:00,13.17171717,0.410526316,0
2016/8/8 21:15,13.01010101,0.389473684,0
2016/8/8 21:30,12.84848485,0.368421053,0
2016/8/8 21:45,12.68686869,0.368421053,0
2016/8/8 22:00,12.48484848,0.347368421,0
2016/8/8 22:15,12.32323232,0.326315789,0
2016/8/8 22:30,12.16161616,0.305263158,0
2016/8/8 22:45,11.95959596,0.284210526,0
2016/8/8 23:00,11.7979798,0.263157895,0
2016/8/8 23:15,11.63636364,0.242105263,0
2016/8/8 23:30,11.47474747,0.221052632,0
2016/8/8 23:45,11.35353535,0.2,0
2016/8/9 0:00,11.31313131,0.136842105,0
2016/8/9 0:15,11.19191919,0.115789474,0
2016/8/9 0:30,11.07070707,0.115789474,0
2016/8/9 0:45,10.94949495,0.094736842,0
2016/8/9 1:00,10.86868687,0.073684211,0
2016/8/9 1:15,10.74747475,0.052631579,0
2016/8/9 1:30,10.62626263,0.031578947,0
2016/8/9 1:45,10.54545455,0.010526316,0
2016/8/9 2:00,10.46464646,0.010526316,0
2016/8/9 2:15,10.34343434,0.031578947,0
2016/8/9 2:30,10.22222222,0.052631579,0
2016/8/9 2:45,10.14141414,0.073684211,0
2016/8/9 3:00,10.02020202,0.094736842,0
2016/8/9 3:15,9.8989899,0.094736842,0
2016/8/9 3:30,9.81818182,0.115789474,0
2016/8/9 3:45,9.73737374,0.136842105,0
2016/8/9 4:00,9.61616162,0.136842105,0
2016/8/9 4:15,9.57575758,0.136842105,0
2016/8/9 4:30,9.49494949,0.136842105,0
2016/8/9 4:45,9.45454545,0.136842105,0
2016/8/9 5:00,9.41414141,0.136842105,0
2016/8/9 5:15,9.37373737,0.136842105,0
2016/8/9 5:30,9.41414141,0.115789474,0
2016/8/9 5:45,9.45454545,0.094736842,0
2016/8/9 6:00,9.45454545,0.094736842,0
2016/8/9 6:15,9.49494949,0.073684211,0
2016/8/9 6:30,9.57575758,0.052631579,0
2016/8/9 6:45,9.65656566,0.031578947,0.014833333
2016/8/9 7:00,9.73737374,0.010526316,0.0369445
2016/8/9 7:15,9.85858586,0.010526316,0.064388833
2016/8/9 7:30,10.02020202,0.052631579,0.1045555
2016/8/9 7:45,10.14141414,0.094736842,0.167778333
2016/8/9 8:00,10.26262626,0.115789474,0.251555
2016/8/9 8:15,10.46464646,0.136842105,0.346666667
2016/8/9 8:30,10.66666667,0.178947368,0.444333333
2016/8/9 8:45,10.82828283,0.2,0.550388333
2016/8/9 9:00,11.03030303,0.221052632,0.6555
2016/8/9 9:15,11.23232323,0.242105263,0.750221667
2016/8/9 9:30,11.43434343,0.263157895,0.838388333
2016/8/9 9:45,11.67676768,0.305263158,0.923945
2016/8/9 10:00,11.91919192,0.326315789,1.000778333
2016/8/9 10:15,12.12121212,0.347368421,1.074111667
2016/8/9 10:30,12.32323232,0.368421053,1.129111667
2016/8/9 10:45,12.52525253,0.389473684,1.182388333
2016/8/9 11:00,12.72727273,0.410526316,1.239388333
2016/8/9 11:15,12.88888889,0.431578947,1.259778333
2016/8/9 11:30,13.09090909,0.452631579,1.218055
2016/8/9 11:45,13.25252525,0.452631579,1.167833333
2016/8/9 12:00,13.41414141,0.473684211,1.164055
2016/8/9 12:15,13.57575758,0.494736842,1.161166667
2016/8/9 12:30,13.73737374,0.515789474,1.169055
2016/8/9 12:45,13.85858586,0.536842105,1.179611667
2016/8/9 13:00,13.97979798,0.536842105,1.194333333
2016/8/9 13:15,14.14141414,0.557894737,1.189833333
2016/8/9 13:30,14.26262626,0.578947368,1.179666667
2016/8/9 13:45,14.34343434,0.578947368,1.179445
2016/8/9 14:00,14.46464646,0.578947368,1.185388333
2016/8/9 14:15,14.54545455,0.6,1.183111667
2016/8/9 14:30,14.66666667,0.621052632,1.253778333
2016/8/9 14:45,14.74747475,0.621052632,1.295721667
2016/8/9 15:00,14.82828283,0.621052632,1.307888333
2016/8/9 15:15,14.90909091,0.642105263,1.286221667
2016/8/9 15:30,14.98989899,0.642105263,1.236166667
2016/8/9 15:45,15.03030303,0.663157895,1.2815
2016/8/9 16:00,15.07070707,0.663157895,1.323888333
2016/8/9 16:15,15.11111111,0.663157895,1.278055
2016/8/9 16:30,15.11111111,0.663157895,0.645333333
2016/8/9 16:45,15.11111111,0.663157895,0.276611667
2016/8/9 17:00,15.11111111,0.663157895,0.200721667
2016/8/9 17:15,15.07070707,0.663157895,0.134333333
2016/8/9 17:30,14.98989899,0.663157895,0.0815555
2016/8/9 17:45,14.94949495,0.642105263,0.078277833
2016/8/9 18:00,14.86868687,0.642105263,0.0939445
2016/8/9 18:15,14.78787879,0.621052632,0.125388833
2016/8/9 18:30,14.66666667,0.621052632,0.159111167
2016/8/9 18:45,14.54545455,0.621052632,0.139277833
2016/8/9 19:00,14.42424242,0.6,0.1075
2016/8/9 19:15,14.26262626,0.578947368,0.0830555
2016/8/9 19:30,14.14141414,0.578947368,0.064666667
2016/8/9 19:45,13.97979798,0.557894737,0.023277833
2016/8/9 20:00,13.81818182,0.536842105,0
2016/8/9 20:15,13.65656566,0.515789474,0
2016/8/9 20:30,13.49494949,0.494736842,0
2016/8/9 20:45,13.37373737,0.473684211,0
2016/8/9 21:00,13.21212121,0.452631579,0
2016/8/9 21:15,13.05050505,0.431578947,0
2016/8/9 21:30,12.92929293,0.410526316,0
2016/8/9 21:45,12.76767677,0.389473684,0
2016/8/9 22:00,12.60606061,0.347368421,0
2016/8/9 22:15,12.44444444,0.326315789,0
2016/8/9 22:30,12.32323232,0.305263158,0
2016/8/9 22:45,12.2020202,0.284210526,0
2016/8/9 23:00,12.04040404,0.263157895,0
2016/8/9 23:15,11.91919192,0.242105263,0
2016/8/9 23:30,11.7979798,0.221052632,0
2016/8/9 23:45,11.67676768,0.2,0
2016/8/10 0:00,11.51515152,0.242105263,0
2016/8/10 0:15,11.39393939,0.221052632,0
2016/8/10 0:30,11.27272727,0.2,0
2016/8/10 0:45,11.19191919,0.178947368,0
2016/8/10 1:00,11.11111111,0.157894737,0
2016/8/10 1:15,10.98989899,0.136842105,0
2016/8/10 1:30,10.86868687,0.115789474,0
2016/8/10 1:45,10.78787879,0.094736842,0
2016/8/10 2:00,10.70707071,0.073684211,0
2016/8/10 2:15,10.58585859,0.052631579,0
2016/8/10 2:30,10.50505051,0.031578947,0
2016/8/10 2:45,10.38383838,0.031578947,0
2016/8/10 3:00,10.3030303,0.010526316,0
2016/8/10 3:15,10.22222222,0.010526316,0
2016/8/10 3:30,10.14141414,0.010526316,0
2016/8/10 3:45,10.1010101,0.031578947,0
2016/8/10 4:00,10.02020202,0.052631579,0
2016/8/10 4:15,9.97979798,0.052631579,0
2016/8/10 4:30,9.93939394,0.052631579,0
2016/8/10 4:45,9.93939394,0.073684211,0
2016/8/10 5:00,9.8989899,0.073684211,0
2016/8/10 5:15,9.85858586,0.073684211,0
2016/8/10 5:30,9.8989899,0.073684211,0
2016/8/10 5:45,9.93939394,0.073684211,0
2016/8/10 6:00,9.93939394,0.073684211,0
2016/8/10 6:15,9.97979798,0.073684211,0
2016/8/10 6:30,10.06060606,0.073684211,0
2016/8/10 6:45,10.14141414,0.052631579,0.004222167
2016/8/10 7:00,10.18181818,0.052631579,0.0220555
2016/8/10 7:15,10.3030303,0.052631579,0.042333333
2016/8/10 7:30,10.38383838,0.031578947,0.068888833
2016/8/10 7:45,10.50505051,0.010526316,0.169555
2016/8/10 8:00,10.62626263,0.010526316,0.186388333
2016/8/10 8:15,10.74747475,0.010526316,0.243445
2016/8/10 8:30,10.90909091,0.052631579,0.275388333
2016/8/10 8:45,11.07070707,0.073684211,0.283278333
2016/8/10 9:00,11.23232323,0.094736842,0.215111667
2016/8/10 9:15,11.39393939,0.115789474,0.265721667
2016/8/10 9:30,11.55555556,0.136842105,0.597278333
2016/8/10 9:45,11.75757576,0.178947368,0.895666667
2016/8/10 10:00,11.91919192,0.2,0.996055
2016/8/10 10:15,12.12121212,0.221052632,1.09
2016/8/10 10:30,12.28282828,0.263157895,1.149221667
2016/8/10 10:45,12.44444444,0.284210526,1.029221667
2016/8/10 11:00,12.64646465,0.305263158,1.0015
2016/8/10 11:15,12.80808081,0.326315789,1.270388333
2016/8/10 11:30,12.96969697,0.347368421,1.153221667
2016/8/10 11:45,13.13131313,0.368421053,1.148166667
2016/8/10 12:00,13.29292929,0.389473684,1.148721667
2016/8/10 12:15,13.45454545,0.410526316,1.153166667
2016/8/10 12:30,13.57575758,0.431578947,1.148945
2016/8/10 12:45,13.6969697,0.452631579,1.140778333
2016/8/10 13:00,13.81818182,0.452631579,1.141778333
2016/8/10 13:15,13.8989899,0.473684211,1.157833333
2016/8/10 13:30,13.93939394,0.473684211,1.139
2016/8/10 13:45,14.02020202,0.494736842,1.143721667
2016/8/10 14:00,14.1010101,0.494736842,1.163055
2016/8/10 14:15,14.1010101,0.494736842,1.156611667
2016/8/10 14:30,14.1010101,0.494736842,1.150166667
2016/8/10 14:45,14.1010101,0.494736842,1.147221667
2016/8/10 15:00,14.1010101,0.494736842,1.159611667
2016/8/10 15:15,14.1010101,0.494736842,1.167721667
2016/8/10 15:30,14.02020202,0.494736842,1.239166667
2016/8/10 15:45,13.93939394,0.473684211,1.184611667
2016/8/10 16:00,13.8989899,0.473684211,1.121945
2016/8/10 16:15,13.81818182,0.452631579,1.065
2016/8/10 16:30,13.73737374,0.452631579,0.997555
2016/8/10 16:45,13.61616162,0.431578947,0.9175
2016/8/10 17:00,13.53535354,0.410526316,0.824555
2016/8/10 17:15,13.45454545,0.389473684,0.7405
2016/8/10 17:30,13.33333333,0.368421053,0.324666667
2016/8/10 17:45,13.21212121,0.347368421,0.0845
2016/8/10 18:00,13.13131313,0.326315789,0.052777833
2016/8/10 18:15,13.01010101,0.305263158,0.039611167
2016/8/10 18:30,12.88888889,0.263157895,0.046111167
2016/8/10 18:45,12.76767677,0.242105263,0.0629445
2016/8/10 19:00,12.64646465,0.221052632,0.059222167
2016/8/10 19:15,12.52525253,0.178947368,0.060222167
2016/8/10 19:30,12.4040404,0.157894737,0.0210555
2016/8/10 19:45,12.32323232,0.136842105,0.012888833
2016/8/10 20:00,12.2020202,0.115789474,0.007166667
2016/8/10 20:15,12.08080808,0.094736842,0
2016/8/10 20:30,12,0.073684211,0
2016/8/10 20:45,11.91919192,0.073684211,0
2016/8/10 21:00,11.7979798,0.052631579,0
2016/8/10 21:15,11.71717172,0.031578947,0
2016/8/10 21:30,11.63636364,0.031578947,0
2016/8/10 21:45,11.51515152,0.031578947,0
2016/8/10 22:00,11.43434343,0.010526316,0
2016/8/10 22:15,11.35353535,0.010526316,0
2016/8/10 22:30,11.27272727,0.010526316,0
2016/8/10 22:45,11.23232323,0.010526316,0
2016/8/10 23:00,11.15151515,0.031578947,0
2016/8/10 23:15,11.07070707,0.052631579,0
2016/8/10 23:30,11.03030303,0.052631579,0
2016/8/10 23:45,10.94949495,0.073684211,0
2016/8/11 0:00,10.74747475,0.115789474,0
